scenarioID,hostRegionCode,primaryAreaCode,matchStageCode,stadiumCapacity,ticketHolders,transitPassengers,pedestrianVolume,areaPedestrianVolume,egressMinutes,fTAFundingMillions,latitude,longitude,analysisRadiusM,outcome
1,8,15,0,80663,80000,21695,53000,29150,60,10.438681,40.807664,-74.069833,250,1
2,8,15,0,80663,78401,26221,42000,23100,70,10.438681,40.807664,-74.069833,250,1
3,8,15,0,80663,72777,25946,42000,23100,60,10.438681,40.807664,-74.069833,250,0
4,8,15,0,80663,80663,20857,56000,30800,60,10.438681,40.807664,-74.069833,250,1
5,8,15,0,80663,80663,26009,50000,27500,60,10.438681,40.807664,-74.069833,250,1
6,8,15,1,80663,73115,22816,45000,24750,60,10.438681,40.807664,-74.069833,250,0
7,8,15,2,80663,74273,22258,46000,25300,60,10.438681,40.807664,-74.069833,250,0
8,8,15,5,80663,80663,21024,65000,35750,60,10.438681,40.807664,-74.069833,250,1
9,3,6,1,70649,66636,5748,7439,3348,110,10.033037,32.7506,-97.0915,350,0
10,9,17,2,68324,60634,34977,30321,18193,87,8.474327,39.9047,-75.1736,250,1
11,6,11,0,70492,54851,22521,9051,4526,102,9.603284,33.9509,-118.3441,350,0
12,6,11,3,70492,70351,23946,19228,9614,118,9.603284,33.9509,-118.3441,350,1
13,1,1,0,68239,62734,26616,26017,15090,60,9.391018,33.7565,-84.4038,250,0
14,11,21,1,66925,63611,28105,38679,21273,61,8.408439,47.5917,-122.3272,250,1
15,9,17,0,68324,51982,24767,24763,14858,70,8.474327,39.9047,-75.1736,250,0
16,3,6,3,70649,62496,3125,5000,2250,122,10.033037,32.7506,-97.0915,350,0
17,6,11,0,70492,59553,20842,17884,8942,84,9.603284,33.9509,-118.3441,350,0
18,3,6,1,70649,58936,5800,7782,3502,110,10.033037,32.7506,-97.0915,350,0
19,10,19,0,68827,48455,25167,22405,14563,76,8.807888,37.403468,-121.974908,250,0
20,2,3,0,64146,56338,15909,10121,6579,98,8.671598,42.0889,-71.2597,250,0
21,1,1,2,68239,64284,36479,34285,19885,68,9.391018,33.7565,-84.4038,250,1
22,1,1,0,68239,61345,28831,24467,14191,65,9.391018,33.7565,-84.4038,250,0
23,8,16,0,80663,56559,11567,35660,16047,64,10.438681,40.81145,-74.07075,350,0
24,4,7,2,68777,57719,15447,17538,10523,88,9.092387,29.6852,-95.407,250,0
25,8,15,0,80663,69275,23883,38689,21279,78,10.438681,40.807664,-74.069833,250,0
26,10,19,0,68827,59441,27460,20194,13126,92,8.807888,37.403468,-121.974908,250,0
27,8,16,0,80663,62099,15334,40404,18182,63,10.438681,40.81145,-74.07075,350,0
28,1,1,0,68239,54975,29505,18162,10534,53,9.391018,33.7565,-84.4038,250,0
29,4,7,0,68777,64021,21351,29205,17523,89,9.092387,29.6852,-95.407,250,1
30,8,15,0,80663,60525,16269,40151,22083,67,10.438681,40.807664,-74.069833,250,0
31,10,19,0,68827,60789,33297,18823,12235,100,8.807888,37.403468,-121.974908,250,1
32,3,6,0,70649,61674,9313,9225,4151,96,10.033037,32.7506,-97.0915,350,0
33,9,17,0,68324,59330,31822,28979,17387,72,8.474327,39.9047,-75.1736,250,1
34,6,11,2,70492,67607,33488,14144,7072,124,9.603284,33.9509,-118.3441,350,1
35,11,21,0,66925,50733,28443,25785,14182,40,8.408439,47.5917,-122.3272,250,0
36,6,11,0,70492,59681,21123,10936,5468,127,9.603284,33.9509,-118.3441,350,0
37,3,6,0,70649,63025,8517,12436,5596,107,10.033037,32.7506,-97.0915,350,0
38,3,6,4,70649,61136,12909,16089,7240,112,10.033037,32.7506,-97.0915,350,0
39,3,6,1,70649,57825,10400,8397,3779,101,10.033037,32.7506,-97.0915,350,0
40,6,11,0,70492,60066,17974,10633,5317,96,9.603284,33.9509,-118.3441,350,0
41,10,19,0,68827,58514,26550,27549,17907,79,8.807888,37.403468,-121.974908,250,1
42,5,10,0,69045,56833,4537,7168,3226,125,8.632123,39.0491,-94.4871,400,0
43,10,19,2,68827,55901,33603,21750,14138,85,8.807888,37.403468,-121.974908,250,0
44,1,1,0,68239,55402,28410,16725,9701,62,9.391018,33.7565,-84.4038,250,0
45,3,6,1,70649,60975,3820,5145,2315,109,10.033037,32.7506,-97.0915,350,0
46,7,14,0,64478,61097,15271,8076,3634,127,8.69743,25.9549,-80.2383,350,1
47,11,21,5,66925,56617,31660,31479,17313,80,8.408439,47.5917,-122.3272,250,1
48,1,1,0,68239,58889,34321,24667,14307,61,9.391018,33.7565,-84.4038,250,0
49,4,7,0,68777,58639,19452,17798,10679,85,9.092387,29.6852,-95.407,250,0
50,8,15,2,80663,63204,22732,38598,21229,73,10.438681,40.807664,-74.069833,250,0
51,10,19,2,68827,60559,31983,18472,12007,90,8.807888,37.403468,-121.974908,250,1
52,10,19,0,68827,58899,29778,22558,14663,90,8.807888,37.403468,-121.974908,250,1
53,5,10,2,69045,61808,10606,4945,2225,150,8.632123,39.0491,-94.4871,400,0
54,3,6,1,70649,60220,10744,11773,5298,101,10.033037,32.7506,-97.0915,350,0
55,1,1,0,68239,64189,27924,19134,11098,42,9.391018,33.7565,-84.4038,250,0
56,4,7,0,68777,68639,19577,26708,16025,78,9.092387,29.6852,-95.407,250,0
57,11,21,1,66925,52643,27900,25125,13819,68,8.408439,47.5917,-122.3272,250,0
58,11,21,1,66925,54351,33926,30310,16671,81,8.408439,47.5917,-122.3272,250,1
59,2,4,2,64146,61779,11128,10850,3797,116,8.671598,42.0916,-71.2648,300,1
60,9,17,1,68324,59496,27068,38616,23170,90,8.474327,39.9047,-75.1736,250,1
61,6,11,0,70492,64469,23875,13567,6784,101,9.603284,33.9509,-118.3441,350,0
62,11,21,0,66925,61416,30243,30155,16585,74,8.408439,47.5917,-122.3272,250,1
63,3,6,1,70649,52281,5521,9193,4137,114,10.033037,32.7506,-97.0915,350,0
64,8,15,3,80663,69851,20847,40709,22390,76,10.438681,40.807664,-74.069833,250,1
65,5,10,4,69045,59704,3080,10752,4838,136,8.632123,39.0491,-94.4871,400,0
66,11,21,0,66925,66791,32359,32717,17994,76,8.408439,47.5917,-122.3272,250,1
67,5,10,1,69045,58262,2913,12754,5739,112,8.632123,39.0491,-94.4871,400,0
68,7,14,0,64478,57898,9999,8874,3993,125,8.69743,25.9549,-80.2383,350,0
69,7,14,0,64478,47691,7646,10949,4927,107,8.69743,25.9549,-80.2383,350,0
70,11,21,0,66925,64999,33698,36695,20182,60,8.408439,47.5917,-122.3272,250,1
71,1,1,1,68239,55865,26628,27348,15862,60,9.391018,33.7565,-84.4038,250,0
72,4,7,0,68777,48624,18869,13961,8377,65,9.092387,29.6852,-95.407,250,0
73,4,7,0,68777,61400,24020,19070,11442,80,9.092387,29.6852,-95.407,250,0
74,8,15,0,80663,65217,17941,36113,19862,81,10.438681,40.807664,-74.069833,250,0
75,1,1,1,68239,64577,36230,23103,13400,55,9.391018,33.7565,-84.4038,250,1
76,1,1,0,68239,51780,25407,18407,10676,62,9.391018,33.7565,-84.4038,250,0
77,8,15,0,80663,71510,20257,45599,25079,66,10.438681,40.807664,-74.069833,250,0
78,7,13,1,64478,54985,15812,7054,3880,136,8.69743,25.957,-80.2425,400,0
79,3,6,0,70649,55711,5421,13501,6075,112,10.033037,32.7506,-97.0915,350,0
80,1,1,1,68239,54666,22513,22347,12961,56,9.391018,33.7565,-84.4038,250,0
81,4,8,0,68777,56423,9429,15648,6259,82,9.092387,29.6846,-95.4141,300,0
82,8,15,3,80663,79204,31825,47700,26235,82,10.438681,40.807664,-74.069833,250,1
83,10,19,1,68827,60118,32752,24013,15608,84,8.807888,37.403468,-121.974908,250,1
84,8,16,0,80663,70329,16036,37256,16765,76,10.438681,40.81145,-74.07075,350,0
85,8,15,0,80663,62838,17668,39151,21533,53,10.438681,40.807664,-74.069833,250,0
86,4,7,2,68777,57852,15467,9833,5900,73,9.092387,29.6852,-95.407,250,0
87,2,4,0,64146,46514,11418,9390,3287,97,8.671598,42.0916,-71.2648,300,0
88,2,3,0,64146,54311,14472,5685,3695,108,8.671598,42.0889,-71.2597,250,0
89,1,1,1,68239,63582,28187,22085,12809,53,9.391018,33.7565,-84.4038,250,0
90,1,1,2,68239,51789,22384,23775,13789,59,9.391018,33.7565,-84.4038,250,0
91,1,1,3,68239,59341,30695,22097,12816,75,9.391018,33.7565,-84.4038,250,1
92,1,1,1,68239,66172,37938,27562,15986,62,9.391018,33.7565,-84.4038,250,1
93,8,15,0,80663,70756,18825,39258,21592,72,10.438681,40.807664,-74.069833,250,0
94,3,6,1,70649,63859,9699,14240,6408,112,10.033037,32.7506,-97.0915,350,0
95,6,11,0,70492,61477,24176,16330,8165,111,9.603284,33.9509,-118.3441,350,1
96,9,17,0,68324,62534,23362,23255,13953,87,8.474327,39.9047,-75.1736,250,1
97,6,11,1,70492,56204,19808,11580,5790,108,9.603284,33.9509,-118.3441,350,0
98,8,15,0,80663,69128,19649,41641,22903,77,10.438681,40.807664,-74.069833,250,0
99,8,15,1,80663,64089,21786,28796,15838,59,10.438681,40.807664,-74.069833,250,0
100,6,11,0,70492,58703,25324,11509,5755,112,9.603284,33.9509,-118.3441,350,1
101,6,11,0,70492,54612,21035,16909,8455,93,9.603284,33.9509,-118.3441,350,0
102,8,15,0,80663,50224,13006,23594,12977,82,10.438681,40.807664,-74.069833,250,0
103,6,11,3,70492,66759,35491,12400,6200,117,9.603284,33.9509,-118.3441,350,1
104,3,6,0,70649,59026,5817,8811,3965,96,10.033037,32.7506,-97.0915,350,0
105,11,21,0,66925,54438,30111,30134,16574,63,8.408439,47.5917,-122.3272,250,1
106,8,15,0,80663,75479,29246,52301,28766,77,10.438681,40.807664,-74.069833,250,1
107,6,11,0,70492,59374,19888,11219,5610,98,9.603284,33.9509,-118.3441,350,0
108,3,6,0,70649,55964,4215,4477,2015,108,10.033037,32.7506,-97.0915,350,0
109,10,19,0,68827,61134,29329,22573,14672,79,8.807888,37.403468,-121.974908,250,1
110,3,6,0,70649,56494,12108,11366,5115,103,10.033037,32.7506,-97.0915,350,0
111,9,17,0,68324,60006,27572,28761,17257,75,8.474327,39.9047,-75.1736,250,1
112,8,15,1,80663,64940,21223,41950,23073,73,10.438681,40.807664,-74.069833,250,0
113,10,19,0,68827,57001,35071,23233,15101,86,8.807888,37.403468,-121.974908,250,1
114,5,10,2,69045,57169,4186,8192,3686,132,8.632123,39.0491,-94.4871,400,0
115,7,14,1,64478,56383,12573,9456,4255,103,8.69743,25.9549,-80.2383,350,0
116,2,3,0,64146,57550,15121,11319,7357,95,8.671598,42.0889,-71.2597,250,0
117,3,6,0,70649,59399,10047,10223,4600,106,10.033037,32.7506,-97.0915,350,0
118,11,21,0,66925,56123,33987,26606,14633,69,8.408439,47.5917,-122.3272,250,1
119,11,21,0,66925,55404,26080,27784,15281,66,8.408439,47.5917,-122.3272,250,0
120,3,6,0,70649,54815,6895,8373,3768,98,10.033037,32.7506,-97.0915,350,0
121,11,21,3,66925,55480,32303,35756,19666,84,8.408439,47.5917,-122.3272,250,1
122,3,6,0,70649,60595,8211,10948,4927,122,10.033037,32.7506,-97.0915,350,0
123,1,1,0,68239,57954,24173,16216,9405,60,9.391018,33.7565,-84.4038,250,0
124,1,1,0,68239,60891,32524,18671,10829,59,9.391018,33.7565,-84.4038,250,0
125,10,19,1,68827,61861,32993,22511,14632,85,8.807888,37.403468,-121.974908,250,1
126,10,19,0,68827,61830,31182,24039,15625,92,8.807888,37.403468,-121.974908,250,1
127,4,7,1,68777,58118,19422,20205,12123,85,9.092387,29.6852,-95.407,250,0
128,10,19,0,68827,48527,25638,16141,10492,70,8.807888,37.403468,-121.974908,250,0
129,10,19,0,68827,63185,36306,27795,18067,99,8.807888,37.403468,-121.974908,250,1
130,9,17,0,68324,56223,22018,27545,16527,84,8.474327,39.9047,-75.1736,250,1
131,10,19,1,68827,59624,40529,23292,15140,101,8.807888,37.403468,-121.974908,250,1
132,8,15,0,80663,71549,19383,47993,26396,64,10.438681,40.807664,-74.069833,250,0
133,4,7,0,68777,57670,20755,20680,12408,68,9.092387,29.6852,-95.407,250,0
134,8,15,0,80663,70793,21338,45547,25051,80,10.438681,40.807664,-74.069833,250,0
135,1,1,1,68239,56754,25194,20629,11965,66,9.391018,33.7565,-84.4038,250,0
136,2,4,0,64146,62246,10388,16809,5883,108,8.671598,42.0916,-71.2648,300,0
137,7,14,1,64478,50278,10602,4022,1810,129,8.69743,25.9549,-80.2383,350,0
138,5,10,0,69045,57623,7306,6188,2785,124,8.632123,39.0491,-94.4871,400,0
139,11,21,0,66925,54632,25927,27887,15338,81,8.408439,47.5917,-122.3272,250,1
140,3,6,0,70649,54556,3546,8239,3708,99,10.033037,32.7506,-97.0915,350,0
141,1,1,0,68239,57312,22966,20697,12004,58,9.391018,33.7565,-84.4038,250,0
142,6,11,0,70492,70351,29608,13649,6825,93,9.603284,33.9509,-118.3441,350,1
143,3,6,0,70649,56208,2810,5891,2651,110,10.033037,32.7506,-97.0915,350,0
144,1,1,0,68239,57103,23771,20418,11842,56,9.391018,33.7565,-84.4038,250,0
145,5,10,0,69045,57835,7224,6247,2811,120,8.632123,39.0491,-94.4871,400,0
146,6,11,1,70492,60896,26902,15211,7606,117,9.603284,33.9509,-118.3441,350,1
147,1,1,0,68239,56383,29589,19172,11120,75,9.391018,33.7565,-84.4038,250,0
148,9,17,0,68324,68095,33036,34260,20556,87,8.474327,39.9047,-75.1736,250,1
149,7,14,0,64478,56819,9215,8920,4014,123,8.69743,25.9549,-80.2383,350,0
150,2,3,0,64146,58657,19691,10930,7105,102,8.671598,42.0889,-71.2597,250,0
151,8,15,0,80663,69857,17651,45386,24962,77,10.438681,40.807664,-74.069833,250,0
152,1,1,0,68239,62928,27343,26445,15338,66,9.391018,33.7565,-84.4038,250,0
153,8,15,0,80663,70269,21794,38933,21413,70,10.438681,40.807664,-74.069833,250,0
154,9,17,0,68324,55627,25316,20739,12443,70,8.474327,39.9047,-75.1736,250,0
155,8,15,0,80663,69731,18080,42459,23352,65,10.438681,40.807664,-74.069833,250,0
156,3,6,0,70649,59166,10545,8022,3610,100,10.033037,32.7506,-97.0915,350,0
157,5,10,0,69045,56213,7464,6098,2744,122,8.632123,39.0491,-94.4871,400,0
158,3,6,0,70649,65712,8647,10441,4698,101,10.033037,32.7506,-97.0915,350,0
159,9,17,2,68324,60187,27913,24224,14534,84,8.474327,39.9047,-75.1736,250,1
160,8,15,1,80663,71765,19259,43557,23956,67,10.438681,40.807664,-74.069833,250,0
161,1,1,0,68239,63175,29319,29246,16963,69,9.391018,33.7565,-84.4038,250,1
162,9,17,2,68324,66193,31035,34559,20735,101,8.474327,39.9047,-75.1736,250,1
163,7,14,0,64478,51812,10128,4145,1865,110,8.69743,25.9549,-80.2383,350,0
164,10,19,1,68827,63404,35193,23652,15374,105,8.807888,37.403468,-121.974908,250,1
165,11,21,0,66925,59389,30115,33672,18520,79,8.408439,47.5917,-122.3272,250,1
166,6,11,0,70492,67603,30771,17936,8968,98,9.603284,33.9509,-118.3441,350,1
167,8,15,0,80663,68008,20118,37699,20734,61,10.438681,40.807664,-74.069833,250,0
168,3,6,0,70649,55159,9983,9071,4082,111,10.033037,32.7506,-97.0915,350,0
169,1,1,0,68239,58437,30667,22183,12866,80,9.391018,33.7565,-84.4038,250,1
170,10,19,1,68827,47166,23310,16058,10438,69,8.807888,37.403468,-121.974908,250,0
171,11,21,0,66925,54781,27816,33560,18458,65,8.408439,47.5917,-122.3272,250,1
172,3,6,1,70649,61937,7676,12575,5659,110,10.033037,32.7506,-97.0915,350,0
173,2,4,0,64146,52030,12149,17473,6116,95,8.671598,42.0916,-71.2648,300,0
174,10,19,2,68827,64987,34176,24942,16212,89,8.807888,37.403468,-121.974908,250,1
175,3,6,1,70649,58568,7294,9665,4349,95,10.033037,32.7506,-97.0915,350,0
176,8,15,0,80663,74979,21087,46258,25442,69,10.438681,40.807664,-74.069833,250,0
177,5,10,0,69045,57574,9565,4606,2073,115,8.632123,39.0491,-94.4871,400,0
178,1,1,1,68239,63054,26484,27981,16229,66,9.391018,33.7565,-84.4038,250,0
179,5,10,0,69045,52172,9145,7137,3212,110,8.632123,39.0491,-94.4871,400,0
180,4,7,0,68777,52089,17591,20705,12423,76,9.092387,29.6852,-95.407,250,0
181,2,3,1,64146,58720,16583,14678,9541,119,8.671598,42.0889,-71.2597,250,1
182,9,17,1,68324,52937,21758,21575,12945,73,8.474327,39.9047,-75.1736,250,0
183,4,7,0,68777,59370,18840,19127,11476,77,9.092387,29.6852,-95.407,250,0
184,5,10,0,69045,62802,3140,9506,4278,117,8.632123,39.0491,-94.4871,400,0
185,6,11,1,70492,64860,26373,6497,3249,103,9.603284,33.9509,-118.3441,350,0
186,4,7,0,68777,48196,17494,16623,9974,78,9.092387,29.6852,-95.407,250,0
187,7,14,0,64478,53525,8821,5894,2652,103,8.69743,25.9549,-80.2383,350,0
188,5,10,1,69045,50841,5503,6333,2850,112,8.632123,39.0491,-94.4871,400,0
189,10,19,0,68827,62859,34973,16266,10573,81,8.807888,37.403468,-121.974908,250,1
190,9,17,0,68324,65269,23244,24339,14603,71,8.474327,39.9047,-75.1736,250,1
191,11,21,0,66925,56009,25861,28695,15782,68,8.408439,47.5917,-122.3272,250,1
192,6,11,1,70492,60277,22135,8573,4287,92,9.603284,33.9509,-118.3441,350,0
193,3,6,0,70649,61280,7172,8893,4002,107,10.033037,32.7506,-97.0915,350,0
194,7,13,0,64478,57239,15110,5848,3216,118,8.69743,25.957,-80.2425,400,0
195,9,17,0,68324,64100,24779,30062,18037,95,8.474327,39.9047,-75.1736,250,1
196,6,11,0,70492,61037,24736,17083,8542,100,9.603284,33.9509,-118.3441,350,0
197,6,11,0,70492,66898,29027,12873,6437,96,9.603284,33.9509,-118.3441,350,1
198,6,11,0,70492,63236,19179,19265,9633,103,9.603284,33.9509,-118.3441,350,0
199,3,6,1,70649,61504,5833,6698,3014,103,10.033037,32.7506,-97.0915,350,0
200,1,1,0,68239,55507,27317,22696,13164,63,9.391018,33.7565,-84.4038,250,0
201,9,17,0,68324,55975,25275,22740,13644,73,8.474327,39.9047,-75.1736,250,0
202,2,3,0,64146,54202,15377,9130,5935,116,8.671598,42.0889,-71.2597,250,0
203,9,17,0,68324,61229,33781,30379,18227,89,8.474327,39.9047,-75.1736,250,1
204,2,3,2,64146,58459,15793,15577,10125,105,8.671598,42.0889,-71.2597,250,1
205,7,14,0,64478,50964,8205,4077,1835,97,8.69743,25.9549,-80.2383,350,0
206,9,17,2,68324,58401,26175,30005,18003,84,8.474327,39.9047,-75.1736,250,1
207,8,15,0,80663,65633,17786,45439,24991,63,10.438681,40.807664,-74.069833,250,0
208,11,21,1,66925,57472,28148,27312,15022,75,8.408439,47.5917,-122.3272,250,1
209,9,17,0,68324,56449,23762,22542,13525,74,8.474327,39.9047,-75.1736,250,0
210,7,14,4,64478,53333,12272,9211,4145,133,8.69743,25.9549,-80.2383,350,1
211,3,6,0,70649,57832,6478,10219,4599,94,10.033037,32.7506,-97.0915,350,0
212,10,19,1,68827,63312,30679,24228,15748,81,8.807888,37.403468,-121.974908,250,1
213,4,7,0,68777,52514,16284,19331,11599,72,9.092387,29.6852,-95.407,250,0
214,5,10,1,69045,60659,6487,13625,6131,109,8.632123,39.0491,-94.4871,400,0
215,5,10,2,69045,60103,5225,12042,5419,121,8.632123,39.0491,-94.4871,400,0
216,3,6,0,70649,63095,9760,8821,3969,114,10.033037,32.7506,-97.0915,350,0
217,7,14,3,64478,58018,14467,11484,5168,124,8.69743,25.9549,-80.2383,350,1
218,3,6,1,70649,61664,9275,6790,3056,121,10.033037,32.7506,-97.0915,350,0
219,5,10,0,69045,51823,2591,12305,5537,118,8.632123,39.0491,-94.4871,400,0
220,6,11,0,70492,62300,24135,14264,7132,115,9.603284,33.9509,-118.3441,350,1
221,9,17,0,68324,48522,21508,22987,13792,79,8.474327,39.9047,-75.1736,250,0
222,6,11,0,70492,61407,17241,9038,4519,102,9.603284,33.9509,-118.3441,350,0
223,7,13,0,64478,58044,15501,11088,6098,122,8.69743,25.957,-80.2425,400,0
224,11,21,1,66925,63594,38679,36206,19913,90,8.408439,47.5917,-122.3272,250,1
225,3,6,2,70649,66922,11989,10787,4854,131,10.033037,32.7506,-97.0915,350,1
226,3,6,3,70649,60018,5836,8408,3784,124,10.033037,32.7506,-97.0915,350,0
227,10,19,0,68827,56275,32958,18918,12297,96,8.807888,37.403468,-121.974908,250,1
228,3,6,0,70649,58690,13363,4950,2228,112,10.033037,32.7506,-97.0915,350,0
229,2,3,1,64146,59043,17440,20695,13452,97,8.671598,42.0889,-71.2597,250,1
230,7,14,0,64478,52094,8402,4168,1876,104,8.69743,25.9549,-80.2383,350,0
231,11,21,0,66925,55787,28585,27504,15127,64,8.408439,47.5917,-122.3272,250,1
232,5,10,0,69045,68862,5530,5509,2479,127,8.632123,39.0491,-94.4871,400,0
233,3,6,0,70649,61977,5154,4958,2231,108,10.033037,32.7506,-97.0915,350,0
234,11,21,2,66925,57863,30541,30005,16503,63,8.408439,47.5917,-122.3272,250,1
235,11,21,0,66925,53794,32141,25896,14243,55,8.408439,47.5917,-122.3272,250,0
236,2,4,0,64146,55038,12867,17579,6153,102,8.671598,42.0916,-71.2648,300,0
237,6,11,0,70492,55717,23817,7965,3983,90,9.603284,33.9509,-118.3441,350,0
238,8,15,1,80663,65863,20329,38371,21104,70,10.438681,40.807664,-74.069833,250,0
239,2,3,1,64146,60498,19530,20595,13387,116,8.671598,42.0889,-71.2597,250,1
240,1,1,0,68239,64779,31143,31361,18189,67,9.391018,33.7565,-84.4038,250,1
241,10,19,2,68827,68689,36798,22073,14347,84,8.807888,37.403468,-121.974908,250,1
242,6,11,0,70492,58017,21953,15500,7750,109,9.603284,33.9509,-118.3441,350,0
243,1,1,0,68239,60151,35045,25556,14822,62,9.391018,33.7565,-84.4038,250,1
244,1,1,4,68239,67046,35327,28026,16255,68,9.391018,33.7565,-84.4038,250,1
245,3,6,1,70649,59237,9184,10087,4539,120,10.033037,32.7506,-97.0915,350,0
246,10,19,0,68827,57846,36379,21182,13768,96,8.807888,37.403468,-121.974908,250,1
247,3,6,0,70649,58841,5743,8788,3955,112,10.033037,32.7506,-97.0915,350,0
248,7,14,0,64478,56768,10176,5450,2453,117,8.69743,25.9549,-80.2383,350,0
249,9,17,0,68324,52918,22265,21315,12789,75,8.474327,39.9047,-75.1736,250,0
250,9,17,0,68324,65212,32464,28520,17112,89,8.474327,39.9047,-75.1736,250,1
251,11,21,0,66925,52792,27244,35735,19654,47,8.408439,47.5917,-122.3272,250,0
252,7,14,0,64478,55890,8303,4471,2012,111,8.69743,25.9549,-80.2383,350,0
253,5,10,0,69045,59548,5830,4764,2144,129,8.632123,39.0491,-94.4871,400,0
254,5,10,2,69045,57034,9226,14229,6403,127,8.632123,39.0491,-94.4871,400,0
255,9,17,0,68324,51425,19070,25235,15141,91,8.474327,39.9047,-75.1736,250,0
256,6,11,0,70492,62768,24359,12723,6362,98,9.603284,33.9509,-118.3441,350,0
257,8,15,0,80663,79217,19889,50415,27728,76,10.438681,40.807664,-74.069833,250,1
258,5,10,1,69045,53977,10094,6952,3128,120,8.632123,39.0491,-94.4871,400,0
259,10,19,0,68827,68689,38739,29980,19487,76,8.807888,37.403468,-121.974908,250,1
260,8,15,0,80663,68520,22317,34691,19080,54,10.438681,40.807664,-74.069833,250,0
261,6,11,0,70492,63174,23459,10890,5445,117,9.603284,33.9509,-118.3441,350,0
262,5,10,1,69045,59941,9504,4795,2158,120,8.632123,39.0491,-94.4871,400,0
263,6,11,1,70492,63201,20881,13988,6994,115,9.603284,33.9509,-118.3441,350,1
264,8,16,0,80663,65812,12709,37682,16957,62,10.438681,40.81145,-74.07075,350,0
265,3,6,0,70649,48178,3606,9888,4450,91,10.033037,32.7506,-97.0915,350,0
266,7,13,1,64478,53732,15822,5085,2797,129,8.69743,25.957,-80.2425,400,0
267,9,17,0,68324,66979,31539,32482,19489,83,8.474327,39.9047,-75.1736,250,1
268,9,17,0,68324,62631,27066,22383,13430,71,8.474327,39.9047,-75.1736,250,1
269,6,11,0,70492,51383,19802,10921,5461,101,9.603284,33.9509,-118.3441,350,0
270,1,1,3,68239,52108,29154,21188,12289,73,9.391018,33.7565,-84.4038,250,0
271,3,6,1,70649,56417,4177,4513,2031,110,10.033037,32.7506,-97.0915,350,0
272,4,7,0,68777,65023,25115,28316,16990,99,9.092387,29.6852,-95.407,250,1
273,4,7,2,68777,62379,23366,30463,18278,83,9.092387,29.6852,-95.407,250,1
274,9,17,3,68324,56697,27460,28564,17138,77,8.474327,39.9047,-75.1736,250,1
275,6,11,0,70492,55350,22566,16737,8369,93,9.603284,33.9509,-118.3441,350,0
276,9,17,2,68324,58978,26284,23780,14268,96,8.474327,39.9047,-75.1736,250,1
277,3,6,1,70649,55761,8241,10783,4852,116,10.033037,32.7506,-97.0915,350,0
278,6,11,0,70492,62839,22993,16292,8146,95,9.603284,33.9509,-118.3441,350,0
279,3,6,0,70649,62501,12087,12255,5515,116,10.033037,32.7506,-97.0915,350,0
280,6,11,5,70492,62575,27526,14155,7078,122,9.603284,33.9509,-118.3441,350,1
281,7,14,0,64478,60527,14708,9738,4382,142,8.69743,25.9549,-80.2383,350,1
282,11,21,0,66925,58546,27429,34148,18781,65,8.408439,47.5917,-122.3272,250,1
283,2,3,0,64146,56737,15670,16740,10881,108,8.671598,42.0889,-71.2597,250,1
284,7,14,0,64478,60629,11259,11460,5157,123,8.69743,25.9549,-80.2383,350,0
285,8,15,2,80663,75644,20344,36729,20201,76,10.438681,40.807664,-74.069833,250,1
286,2,3,1,64146,51869,15088,7792,5065,97,8.671598,42.0889,-71.2597,250,0
287,4,7,0,68777,57331,14799,13620,8172,65,9.092387,29.6852,-95.407,250,0
288,11,21,0,66925,58881,32845,32268,17747,85,8.408439,47.5917,-122.3272,250,1
289,7,14,1,64478,50864,10425,11384,5123,111,8.69743,25.9549,-80.2383,350,0
290,10,19,0,68827,68689,38199,31912,20743,102,8.807888,37.403468,-121.974908,250,1
291,4,7,1,68777,68639,20777,23880,14328,92,9.092387,29.6852,-95.407,250,1
292,6,11,0,70492,64186,24462,8718,4359,103,9.603284,33.9509,-118.3441,350,0
293,11,21,0,66925,63778,33285,26259,14442,60,8.408439,47.5917,-122.3272,250,1
294,11,21,0,66925,54642,27228,28485,15667,74,8.408439,47.5917,-122.3272,250,0
295,10,19,0,68827,59469,38000,14997,9748,88,8.807888,37.403468,-121.974908,250,1
296,7,13,0,64478,51416,13497,7898,4344,115,8.69743,25.957,-80.2425,400,0
297,1,1,0,68239,65447,36642,19167,11117,67,9.391018,33.7565,-84.4038,250,1
298,8,15,0,80663,72356,27272,40605,22333,80,10.438681,40.807664,-74.069833,250,1
299,4,7,0,68777,57280,20120,13791,8275,76,9.092387,29.6852,-95.407,250,0
300,3,6,0,70649,56703,8109,8300,3735,88,10.033037,32.7506,-97.0915,350,0
301,6,11,0,70492,59438,29767,11427,5714,107,9.603284,33.9509,-118.3441,350,0
302,8,15,0,80663,70235,19139,43085,23697,72,10.438681,40.807664,-74.069833,250,0
303,8,16,0,80663,73249,17647,48051,21623,84,10.438681,40.81145,-74.07075,350,1
304,3,6,1,70649,62034,9597,9676,4354,98,10.033037,32.7506,-97.0915,350,0
305,1,1,2,68239,61630,35863,23503,13632,65,9.391018,33.7565,-84.4038,250,1
306,6,11,0,70492,61296,27613,19363,9682,104,9.603284,33.9509,-118.3441,350,1
307,3,6,3,70649,67024,13396,14714,6621,129,10.033037,32.7506,-97.0915,350,1
308,10,19,0,68827,44007,20695,11049,7182,82,8.807888,37.403468,-121.974908,250,0
309,1,1,2,68239,67729,32170,26305,15257,72,9.391018,33.7565,-84.4038,250,1
310,4,7,0,68777,52382,17426,16809,10085,89,9.092387,29.6852,-95.407,250,0
311,9,17,0,68324,53904,23930,18866,11320,76,8.474327,39.9047,-75.1736,250,0
312,5,10,0,69045,59927,3025,6659,2997,104,8.632123,39.0491,-94.4871,400,0
313,5,10,2,69045,60580,12658,4846,2181,120,8.632123,39.0491,-94.4871,400,0
314,8,15,0,80663,72824,18774,41437,22790,64,10.438681,40.807664,-74.069833,250,0
315,3,6,0,70649,58197,5392,4656,2095,108,10.033037,32.7506,-97.0915,350,0
316,11,21,0,66925,60936,30613,36990,20345,78,8.408439,47.5917,-122.3272,250,1
317,4,7,0,68777,53937,14069,11264,6758,80,9.092387,29.6852,-95.407,250,0
318,11,21,1,66925,64931,35891,32996,18148,69,8.408439,47.5917,-122.3272,250,1
319,10,19,2,68827,64273,36684,28039,18225,97,8.807888,37.403468,-121.974908,250,1
320,3,6,1,70649,59001,3478,7977,3590,116,10.033037,32.7506,-97.0915,350,0
321,5,10,4,69045,68907,13272,14100,6345,134,8.632123,39.0491,-94.4871,400,1
322,8,15,2,80663,62043,22334,35077,19292,61,10.438681,40.807664,-74.069833,250,0
323,1,1,2,68239,54893,30487,21482,12460,69,9.391018,33.7565,-84.4038,250,0
324,7,14,0,64478,53120,11761,7121,3204,129,8.69743,25.9549,-80.2383,350,0
325,4,7,0,68777,62204,18899,25854,15512,94,9.092387,29.6852,-95.407,250,1
326,4,7,0,68777,52724,16303,17516,10510,86,9.092387,29.6852,-95.407,250,0
327,8,15,2,80663,73205,22929,51427,28285,72,10.438681,40.807664,-74.069833,250,1
328,2,3,0,64146,54221,15201,12838,8345,108,8.671598,42.0889,-71.2597,250,0
329,7,14,0,64478,48354,8602,9563,4303,113,8.69743,25.9549,-80.2383,350,0
330,6,11,0,70492,60619,16332,11925,5963,104,9.603284,33.9509,-118.3441,350,0
331,10,19,0,68827,55289,34800,21527,13993,86,8.807888,37.403468,-121.974908,250,1
332,1,1,2,68239,54590,26497,23076,13384,52,9.391018,33.7565,-84.4038,250,0
333,2,3,1,64146,48982,14235,6509,4231,101,8.671598,42.0889,-71.2597,250,0
334,8,16,0,80663,68852,12729,41038,18467,80,10.438681,40.81145,-74.07075,350,0
335,11,21,0,66925,51017,27709,28390,15615,68,8.408439,47.5917,-122.3272,250,0
336,6,11,0,70492,54543,17646,11932,5966,94,9.603284,33.9509,-118.3441,350,0
337,2,3,0,64146,64018,19869,17800,11570,106,8.671598,42.0889,-71.2597,250,1
338,4,7,0,68777,56241,17282,16568,9941,67,9.092387,29.6852,-95.407,250,0
339,4,7,0,68777,64561,22061,17246,10348,62,9.092387,29.6852,-95.407,250,0
340,1,1,0,68239,63512,27474,24301,14095,70,9.391018,33.7565,-84.4038,250,0
341,2,4,0,64146,63055,14223,14836,5193,98,8.671598,42.0916,-71.2648,300,0
342,9,17,0,68324,63660,32201,29026,17416,85,8.474327,39.9047,-75.1736,250,1
343,4,7,1,68777,60533,19279,18610,11166,68,9.092387,29.6852,-95.407,250,0
344,5,10,2,69045,67903,13696,12779,5751,127,8.632123,39.0491,-94.4871,400,1
345,2,3,1,64146,58590,18833,7702,5006,101,8.671598,42.0889,-71.2597,250,0
346,6,11,0,70492,60140,22805,15224,7612,104,9.603284,33.9509,-118.3441,350,0
347,3,6,0,70649,62646,3132,7818,3518,117,10.033037,32.7506,-97.0915,350,0
348,6,11,0,70492,59664,23214,10618,5309,107,9.603284,33.9509,-118.3441,350,0
349,3,6,0,70649,60325,6069,14513,6531,122,10.033037,32.7506,-97.0915,350,0
350,11,21,0,66925,58126,27739,27851,15318,66,8.408439,47.5917,-122.3272,250,1
351,9,17,0,68324,61388,26494,25872,15523,81,8.474327,39.9047,-75.1736,250,1
352,7,14,0,64478,56224,11297,8963,4033,126,8.69743,25.9549,-80.2383,350,0
353,7,13,1,64478,61402,17619,10004,5502,132,8.69743,25.957,-80.2425,400,1
354,8,15,0,80663,71305,21007,47904,26347,66,10.438681,40.807664,-74.069833,250,0
355,6,11,0,70492,57386,19962,14302,7151,107,9.603284,33.9509,-118.3441,350,0
356,9,17,0,68324,63183,28962,28620,17172,75,8.474327,39.9047,-75.1736,250,1
357,7,14,0,64478,47854,9326,6588,2965,119,8.69743,25.9549,-80.2383,350,0
358,5,10,0,69045,66997,4928,7016,3157,127,8.632123,39.0491,-94.4871,400,0
359,2,3,0,64146,51903,13969,6904,4488,101,8.671598,42.0889,-71.2597,250,0
360,9,17,0,68324,65208,32691,31887,19132,79,8.474327,39.9047,-75.1736,250,1
361,10,19,0,68827,58986,34996,22259,14468,100,8.807888,37.403468,-121.974908,250,1
362,7,13,0,64478,51951,14661,8755,4815,123,8.69743,25.957,-80.2425,400,0
363,11,21,2,66925,59921,29765,31471,17309,83,8.408439,47.5917,-122.3272,250,1
364,7,13,0,64478,53248,14687,6397,3518,121,8.69743,25.957,-80.2425,400,0
365,4,7,1,68777,56876,19903,9846,5908,98,9.092387,29.6852,-95.407,250,0
366,5,10,0,69045,59607,4034,9682,4357,94,8.632123,39.0491,-94.4871,400,0
367,10,19,0,68827,53429,28898,18766,12198,92,8.807888,37.403468,-121.974908,250,0
368,1,1,3,68239,62886,30924,22091,12813,72,9.391018,33.7565,-84.4038,250,1
369,8,15,0,80663,66621,17949,41279,22703,67,10.438681,40.807664,-74.069833,250,0
370,6,11,0,70492,67583,25297,16675,8338,110,9.603284,33.9509,-118.3441,350,1
371,2,3,0,64146,52114,15029,15260,9919,89,8.671598,42.0889,-71.2597,250,0
372,2,3,0,64146,56281,19897,11154,7250,117,8.671598,42.0889,-71.2597,250,0
373,2,3,0,64146,58351,17358,9108,5920,87,8.671598,42.0889,-71.2597,250,0
374,11,21,0,66925,63666,36363,36886,20287,72,8.408439,47.5917,-122.3272,250,1
375,6,11,0,70492,63472,20777,17335,8668,129,9.603284,33.9509,-118.3441,350,1
376,10,19,2,68827,63415,34731,26509,17231,94,8.807888,37.403468,-121.974908,250,1
377,8,15,0,80663,67229,27208,39876,21932,73,10.438681,40.807664,-74.069833,250,0
378,2,3,4,64146,54418,17868,15063,9791,109,8.671598,42.0889,-71.2597,250,1
379,5,10,1,69045,64849,8297,5188,2335,127,8.632123,39.0491,-94.4871,400,0
380,2,4,1,64146,48696,12130,10181,3563,97,8.671598,42.0916,-71.2648,300,0
381,9,17,0,68324,51288,21920,27155,16293,75,8.474327,39.9047,-75.1736,250,0
382,5,10,0,69045,62133,3107,4971,2237,108,8.632123,39.0491,-94.4871,400,0
383,11,21,0,66925,60525,32613,28857,15871,78,8.408439,47.5917,-122.3272,250,1
384,4,7,1,68777,50822,17589,20532,12319,93,9.092387,29.6852,-95.407,250,0
385,11,21,0,66925,55892,31803,30115,16563,60,8.408439,47.5917,-122.3272,250,1
386,6,11,0,70492,60275,20950,8094,4047,106,9.603284,33.9509,-118.3441,350,0
387,9,17,0,68324,61467,29425,31907,19144,89,8.474327,39.9047,-75.1736,250,1
388,6,11,0,70492,60782,23966,10586,5293,117,9.603284,33.9509,-118.3441,350,0
389,8,15,1,80663,60633,17199,39819,21900,64,10.438681,40.807664,-74.069833,250,0
390,9,17,0,68324,63782,31600,26588,15953,87,8.474327,39.9047,-75.1736,250,1
391,7,14,0,64478,52761,11281,4221,1899,126,8.69743,25.9549,-80.2383,350,0
392,6,11,0,70492,64049,26520,19530,9765,98,9.603284,33.9509,-118.3441,350,0
393,9,17,1,68324,60099,27231,27642,16585,83,8.474327,39.9047,-75.1736,250,1
394,8,15,0,80663,69361,19349,40805,22443,68,10.438681,40.807664,-74.069833,250,0
395,7,14,0,64478,53778,10752,5771,2597,119,8.69743,25.9549,-80.2383,350,0
396,5,10,0,69045,55962,4662,5792,2606,121,8.632123,39.0491,-94.4871,400,0
397,5,10,2,69045,60570,4573,9183,4132,122,8.632123,39.0491,-94.4871,400,0
398,5,10,0,69045,58820,5847,5347,2406,121,8.632123,39.0491,-94.4871,400,0
399,7,14,0,64478,62436,14488,10229,4603,129,8.69743,25.9549,-80.2383,350,1
400,5,10,0,69045,56078,7194,10751,4838,118,8.632123,39.0491,-94.4871,400,0
401,3,5,5,70649,69621,20100,15886,8737,145,10.033037,32.7479,-97.0909,300,1
402,3,6,1,70649,57603,5134,6745,3035,108,10.033037,32.7506,-97.0915,350,0
403,8,15,1,80663,75929,27458,48950,26923,73,10.438681,40.807664,-74.069833,250,1
404,4,7,1,68777,54352,16505,15316,9190,79,9.092387,29.6852,-95.407,250,0
405,2,3,1,64146,52942,13749,11612,7548,106,8.671598,42.0889,-71.2597,250,0
406,3,6,2,70649,55029,5389,11347,5106,110,10.033037,32.7506,-97.0915,350,0
407,11,21,0,66925,63235,31999,37409,20575,68,8.408439,47.5917,-122.3272,250,1
408,2,3,1,64146,54173,14164,9403,6112,103,8.671598,42.0889,-71.2597,250,0
409,8,15,0,80663,69712,18327,37402,20571,73,10.438681,40.807664,-74.069833,250,0
410,1,1,0,68239,60300,31592,16518,9580,56,9.391018,33.7565,-84.4038,250,0
411,2,4,0,64146,51137,11979,13300,4655,105,8.671598,42.0916,-71.2648,300,0
412,11,21,2,66925,62163,32867,31697,17433,75,8.408439,47.5917,-122.3272,250,1
413,2,3,0,64146,44621,11623,10500,6825,85,8.671598,42.0889,-71.2597,250,0
414,4,7,0,68777,66928,22500,26200,15720,82,9.092387,29.6852,-95.407,250,1
415,1,1,0,68239,57215,21391,21306,12357,45,9.391018,33.7565,-84.4038,250,0
416,9,17,0,68324,60774,27992,24423,14654,78,8.474327,39.9047,-75.1736,250,1
417,6,11,3,70492,70351,31342,21451,10726,123,9.603284,33.9509,-118.3441,350,1
418,8,15,0,80663,69391,26899,37503,20627,69,10.438681,40.807664,-74.069833,250,0
419,3,6,0,70649,64437,9144,8413,3786,104,10.033037,32.7506,-97.0915,350,0
420,3,6,3,70649,53254,4269,4260,1917,107,10.033037,32.7506,-97.0915,350,0
421,11,21,1,66925,55129,32616,26683,14676,62,8.408439,47.5917,-122.3272,250,1
422,6,11,0,70492,62852,23960,16562,8281,112,9.603284,33.9509,-118.3441,350,1
423,3,6,1,70649,65750,3288,13868,6241,110,10.033037,32.7506,-97.0915,350,0
424,3,6,0,70649,47215,5902,5865,2639,85,10.033037,32.7506,-97.0915,350,0
425,9,17,0,68324,47966,19737,15596,9358,76,8.474327,39.9047,-75.1736,250,0
426,6,11,3,70492,70351,30928,19504,9752,109,9.603284,33.9509,-118.3441,350,1
427,8,15,0,80663,73950,24205,46843,25764,61,10.438681,40.807664,-74.069833,250,0
428,4,8,0,68777,56373,10924,28166,11266,83,9.092387,29.6846,-95.4141,300,0
429,8,15,0,80663,69724,19746,39182,21550,73,10.438681,40.807664,-74.069833,250,0
430,6,11,0,70492,60124,26306,8208,4104,100,9.603284,33.9509,-118.3441,350,0
431,1,1,4,68239,61914,28526,23775,13789,85,9.391018,33.7565,-84.4038,250,1
432,4,7,4,68777,62924,19761,22319,13391,97,9.092387,29.6852,-95.407,250,1
433,6,11,1,70492,64539,27321,15340,7670,112,9.603284,33.9509,-118.3441,350,1
434,11,21,0,66925,56217,24637,29353,16144,55,8.408439,47.5917,-122.3272,250,0
435,2,3,0,64146,55484,15381,16237,10554,88,8.671598,42.0889,-71.2597,250,0
436,10,19,1,68827,60129,33542,31676,20589,76,8.807888,37.403468,-121.974908,250,1
437,4,7,0,68777,53390,17823,9673,5804,72,9.092387,29.6852,-95.407,250,0
438,2,3,0,64146,53068,15482,13078,8501,88,8.671598,42.0889,-71.2597,250,0
439,10,19,1,68827,59880,34475,24411,15867,87,8.807888,37.403468,-121.974908,250,1
440,6,11,2,70492,69541,23586,18957,9479,111,9.603284,33.9509,-118.3441,350,1
441,4,7,0,68777,55520,20490,15721,9433,84,9.092387,29.6852,-95.407,250,0
442,9,17,0,68324,56376,25665,27556,16534,76,8.474327,39.9047,-75.1736,250,0
443,10,19,3,68827,63317,40607,22441,14587,104,8.807888,37.403468,-121.974908,250,1
444,6,11,3,70492,67870,31460,18650,9325,109,9.603284,33.9509,-118.3441,350,1
445,7,14,0,64478,60597,10516,9469,4261,118,8.69743,25.9549,-80.2383,350,0
446,4,7,0,68777,58023,19823,16412,9847,62,9.092387,29.6852,-95.407,250,0
447,7,14,0,64478,56821,6702,16235,7306,119,8.69743,25.9549,-80.2383,350,0
448,1,1,0,68239,64060,26875,21441,12436,53,9.391018,33.7565,-84.4038,250,0
449,8,15,2,80663,75184,22549,46953,25824,67,10.438681,40.807664,-74.069833,250,1
450,7,13,0,64478,58807,18328,15913,8752,126,8.69743,25.957,-80.2425,400,1
451,5,10,0,69045,60890,9699,5375,2419,111,8.632123,39.0491,-94.4871,400,0
452,11,21,0,66925,61115,31112,34281,18855,62,8.408439,47.5917,-122.3272,250,1
453,1,1,0,68239,62120,22396,23076,13384,75,9.391018,33.7565,-84.4038,250,0
454,10,19,0,68827,60201,28119,17084,11105,79,8.807888,37.403468,-121.974908,250,0
455,4,8,1,68777,59865,14610,20538,8215,82,9.092387,29.6846,-95.4141,300,0
456,8,15,0,80663,69362,23126,44365,24401,67,10.438681,40.807664,-74.069833,250,0
457,1,1,0,68239,67267,35467,20616,11957,79,9.391018,33.7565,-84.4038,250,1
458,8,15,0,80663,70436,19497,38890,21390,71,10.438681,40.807664,-74.069833,250,0
459,10,19,0,68827,56135,26781,22083,14354,92,8.807888,37.403468,-121.974908,250,1
460,2,4,0,64146,53242,8418,12588,4406,106,8.671598,42.0916,-71.2648,300,0
461,8,15,0,80663,64589,17126,40429,22236,55,10.438681,40.807664,-74.069833,250,0
462,4,7,0,68777,66410,21451,19704,11822,87,9.092387,29.6852,-95.407,250,0
463,11,21,0,66925,66170,34869,39106,21508,78,8.408439,47.5917,-122.3272,250,1
464,2,3,0,64146,59563,19040,12072,7847,108,8.671598,42.0889,-71.2597,250,1
465,8,15,1,80663,71510,23502,42567,23412,72,10.438681,40.807664,-74.069833,250,0
466,5,10,0,69045,61759,3311,4941,2223,124,8.632123,39.0491,-94.4871,400,0
467,3,6,0,70649,56535,4011,10201,4590,114,10.033037,32.7506,-97.0915,350,0
468,2,3,1,64146,56684,14742,11568,7519,105,8.671598,42.0889,-71.2597,250,0
469,9,17,0,68324,56866,28146,23435,14061,90,8.474327,39.9047,-75.1736,250,1
470,2,4,0,64146,54095,11074,12538,4388,103,8.671598,42.0916,-71.2648,300,0
471,6,11,0,70492,64101,21006,12391,6196,100,9.603284,33.9509,-118.3441,350,0
472,8,15,0,80663,69316,19906,39152,21534,69,10.438681,40.807664,-74.069833,250,0
473,11,21,0,66925,58842,32512,33018,18160,68,8.408439,47.5917,-122.3272,250,1
474,6,11,0,70492,66357,28606,9621,4811,112,9.603284,33.9509,-118.3441,350,1
475,6,11,0,70492,64655,24900,22498,11249,119,9.603284,33.9509,-118.3441,350,1
476,6,11,0,70492,63763,24239,13554,6777,112,9.603284,33.9509,-118.3441,350,1
477,5,10,0,69045,56549,7853,11906,5358,106,8.632123,39.0491,-94.4871,400,0
478,1,1,3,68239,61192,32460,19049,11048,66,9.391018,33.7565,-84.4038,250,1
479,5,10,3,69045,57271,7098,10799,4860,118,8.632123,39.0491,-94.4871,400,0
480,5,10,0,69045,57834,2892,9421,4239,118,8.632123,39.0491,-94.4871,400,0
481,9,17,0,68324,62473,28059,29515,17709,77,8.474327,39.9047,-75.1736,250,1
482,10,19,0,68827,64945,37893,22039,14325,98,8.807888,37.403468,-121.974908,250,1
483,1,1,0,68239,56202,31752,20142,11682,64,9.391018,33.7565,-84.4038,250,0
484,6,11,1,70492,63563,29570,16051,8026,106,9.603284,33.9509,-118.3441,350,1
485,1,1,0,68239,54620,32095,15760,9141,59,9.391018,33.7565,-84.4038,250,0
486,11,21,2,66925,56292,29420,30655,16860,68,8.408439,47.5917,-122.3272,250,1
487,7,14,2,64478,61737,15198,10629,4783,138,8.69743,25.9549,-80.2383,350,1
488,9,17,0,68324,51665,22522,26702,16021,91,8.474327,39.9047,-75.1736,250,0
489,8,15,0,80663,63456,21677,35803,19692,69,10.438681,40.807664,-74.069833,250,0
490,11,21,0,66925,61879,32627,34202,18811,71,8.408439,47.5917,-122.3272,250,1
491,8,16,0,80663,68048,15464,39350,17708,59,10.438681,40.81145,-74.07075,350,0
492,4,7,0,68777,56944,19421,14886,8932,71,9.092387,29.6852,-95.407,250,0
493,3,6,1,70649,67439,10620,13372,6017,121,10.033037,32.7506,-97.0915,350,1
494,9,17,2,68324,57221,29965,27816,16690,79,8.474327,39.9047,-75.1736,250,1
495,8,15,0,80663,64201,21909,37019,20360,62,10.438681,40.807664,-74.069833,250,0
496,8,15,0,80663,66401,20613,40618,22340,73,10.438681,40.807664,-74.069833,250,0
497,9,17,0,68324,55729,25265,21675,13005,74,8.474327,39.9047,-75.1736,250,0
498,11,21,0,66925,50220,26021,23072,12690,76,8.408439,47.5917,-122.3272,250,0
499,11,21,1,66925,58220,33989,27564,15160,64,8.408439,47.5917,-122.3272,250,1
500,4,7,1,68777,64873,19060,20340,12204,81,9.092387,29.6852,-95.407,250,1
501,6,11,1,70492,61991,30133,12907,6454,118,9.603284,33.9509,-118.3441,350,1
502,4,7,5,68777,64108,29707,23143,13886,101,9.092387,29.6852,-95.407,250,1
503,2,4,0,64146,47038,7794,8549,2992,92,8.671598,42.0916,-71.2648,300,0
504,8,15,0,80663,68594,17255,34240,18832,61,10.438681,40.807664,-74.069833,250,0
505,4,7,0,68777,57240,18604,17611,10567,85,9.092387,29.6852,-95.407,250,0
506,6,11,4,70492,65274,33289,12256,6128,131,9.603284,33.9509,-118.3441,350,1
507,8,15,0,80663,68369,19890,39888,21938,70,10.438681,40.807664,-74.069833,250,0
508,3,6,1,70649,60772,6018,9610,4325,133,10.033037,32.7506,-97.0915,350,0
509,7,14,1,64478,53621,10785,8973,4038,131,8.69743,25.9549,-80.2383,350,0
510,6,11,1,70492,59053,21328,13119,6560,97,9.603284,33.9509,-118.3441,350,0
511,1,1,0,68239,59182,28588,28817,16714,84,9.391018,33.7565,-84.4038,250,1
512,6,11,2,70492,69029,29370,20105,10053,118,9.603284,33.9509,-118.3441,350,1
513,7,14,0,64478,56581,13615,13459,6057,133,8.69743,25.9549,-80.2383,350,1
514,2,4,0,64146,54334,13093,8090,2832,98,8.671598,42.0916,-71.2648,300,0
515,9,17,0,68324,57531,24537,25871,15523,81,8.474327,39.9047,-75.1736,250,1
516,3,6,0,70649,64606,14246,8953,4029,114,10.033037,32.7506,-97.0915,350,0
517,5,10,3,69045,59786,6254,12613,5676,115,8.632123,39.0491,-94.4871,400,0
518,8,15,0,80663,64672,20963,39701,21836,82,10.438681,40.807664,-74.069833,250,0
519,5,10,0,69045,54729,3340,7863,3538,115,8.632123,39.0491,-94.4871,400,0
520,1,1,5,68239,68103,40171,31262,18132,74,9.391018,33.7565,-84.4038,250,1
521,10,19,0,68827,57142,34367,24767,16099,89,8.807888,37.403468,-121.974908,250,1
522,8,15,0,80663,66427,18860,47854,26320,57,10.438681,40.807664,-74.069833,250,0
523,7,14,0,64478,54948,11874,9784,4403,128,8.69743,25.9549,-80.2383,350,0
524,8,15,2,80663,65567,25145,35095,19302,60,10.438681,40.807664,-74.069833,250,0
525,10,19,1,68827,60233,34792,21163,13756,97,8.807888,37.403468,-121.974908,250,1
526,2,4,1,64146,57219,10926,14472,5065,100,8.671598,42.0916,-71.2648,300,0
527,8,15,0,80663,74457,23602,46282,25455,81,10.438681,40.807664,-74.069833,250,1
528,9,17,0,68324,59752,26839,28971,17383,94,8.474327,39.9047,-75.1736,250,1
529,9,17,0,68324,58384,30545,27706,16624,86,8.474327,39.9047,-75.1736,250,1
530,7,14,1,64478,54526,11376,11472,5162,115,8.69743,25.9549,-80.2383,350,0
531,3,5,2,70649,70508,19226,15134,8324,114,10.033037,32.7479,-97.0909,300,1
532,7,13,0,64478,54352,15162,12397,6818,122,8.69743,25.957,-80.2425,400,1
533,3,6,4,70649,70508,9269,15026,6762,141,10.033037,32.7506,-97.0915,350,1
534,4,7,2,68777,51849,17204,5712,3427,77,9.092387,29.6852,-95.407,250,0
535,6,11,2,70492,68113,34019,14554,7277,118,9.603284,33.9509,-118.3441,350,1
536,1,1,1,68239,59864,28435,24764,14363,68,9.391018,33.7565,-84.4038,250,0
537,4,7,0,68777,56594,17256,19360,11616,69,9.092387,29.6852,-95.407,250,0
538,2,4,0,64146,49121,10774,10858,3800,113,8.671598,42.0916,-71.2648,300,0
539,1,1,1,68239,62145,33627,27959,16216,89,9.391018,33.7565,-84.4038,250,1
540,2,3,0,64146,52648,14482,12555,8161,97,8.671598,42.0889,-71.2597,250,0
541,11,21,2,66925,60123,32518,33605,18483,78,8.408439,47.5917,-122.3272,250,1
542,7,13,0,64478,50737,13727,4059,2232,106,8.69743,25.957,-80.2425,400,0
543,8,15,0,80663,78337,26818,47657,26211,71,10.438681,40.807664,-74.069833,250,1
544,6,11,1,70492,69283,23472,17888,8944,110,9.603284,33.9509,-118.3441,350,1
545,8,15,0,80663,75373,23254,53610,29486,71,10.438681,40.807664,-74.069833,250,1
546,7,13,2,64478,47796,13886,4135,2274,124,8.69743,25.957,-80.2425,400,0
547,7,13,0,64478,59182,15470,4735,2604,128,8.69743,25.957,-80.2425,400,0
548,3,6,1,70649,62496,8849,7878,3545,113,10.033037,32.7506,-97.0915,350,0
549,10,19,2,68827,62377,35863,24259,15768,87,8.807888,37.403468,-121.974908,250,1
550,4,7,0,68777,63188,20090,21152,12691,91,9.092387,29.6852,-95.407,250,0
551,7,13,0,64478,56518,17446,11452,6299,122,8.69743,25.957,-80.2425,400,0
552,11,21,0,66925,56118,26305,27273,15000,65,8.408439,47.5917,-122.3272,250,0
553,4,7,0,68777,62982,22087,14993,8996,68,9.092387,29.6852,-95.407,250,0
554,1,1,0,68239,54279,22547,24946,14469,61,9.391018,33.7565,-84.4038,250,0
555,7,13,4,64478,55389,14261,5641,3103,113,8.69743,25.957,-80.2425,400,0
556,5,10,0,69045,59782,4095,5560,2502,118,8.632123,39.0491,-94.4871,400,0
557,6,11,0,70492,59379,18865,8206,4103,97,9.603284,33.9509,-118.3441,350,0
558,3,6,0,70649,56511,3237,4521,2034,106,10.033037,32.7506,-97.0915,350,0
559,3,6,1,70649,68007,9721,19050,8573,119,10.033037,32.7506,-97.0915,350,0
560,8,15,1,80663,66746,17481,40758,22417,72,10.438681,40.807664,-74.069833,250,0
561,7,14,3,64478,54399,12554,8579,3861,123,8.69743,25.9549,-80.2383,350,0
562,2,4,0,64146,57068,13918,18861,6601,111,8.671598,42.0916,-71.2648,300,1
563,6,11,0,70492,57666,21072,10040,5020,100,9.603284,33.9509,-118.3441,350,0
564,1,1,1,68239,50798,23717,18028,10456,56,9.391018,33.7565,-84.4038,250,0
565,8,15,0,80663,73008,25896,39453,21699,75,10.438681,40.807664,-74.069833,250,0
566,5,10,1,69045,55914,9002,4553,2049,128,8.632123,39.0491,-94.4871,400,0
567,2,4,0,64146,52858,10273,11217,3926,96,8.671598,42.0916,-71.2648,300,0
568,7,14,0,64478,56379,14091,11450,5153,116,8.69743,25.9549,-80.2383,350,0
569,3,6,0,70649,64174,7102,5134,2310,113,10.033037,32.7506,-97.0915,350,0
570,1,1,1,68239,59199,30316,18664,10825,64,9.391018,33.7565,-84.4038,250,0
571,5,10,0,69045,58496,2925,6897,3104,115,8.632123,39.0491,-94.4871,400,0
572,1,1,0,68239,57163,31961,20476,11876,58,9.391018,33.7565,-84.4038,250,0
573,7,14,0,64478,53149,11263,7294,3282,121,8.69743,25.9549,-80.2383,350,0
574,4,7,0,68777,56237,17635,21152,12691,75,9.092387,29.6852,-95.407,250,0
575,7,14,0,64478,51954,11421,7452,3353,108,8.69743,25.9549,-80.2383,350,0
576,5,10,0,69045,54173,2709,4334,1950,119,8.632123,39.0491,-94.4871,400,0
577,7,14,0,64478,49077,11197,5859,2637,107,8.69743,25.9549,-80.2383,350,0
578,10,19,0,68827,56275,31090,22136,14388,90,8.807888,37.403468,-121.974908,250,0
579,4,7,2,68777,56131,17183,24129,14477,79,9.092387,29.6852,-95.407,250,0
580,9,17,1,68324,58967,24557,32070,19242,87,8.474327,39.9047,-75.1736,250,1
581,1,1,0,68239,55762,26448,20566,11928,70,9.391018,33.7565,-84.4038,250,0
582,8,15,0,80663,59379,15698,35651,19608,59,10.438681,40.807664,-74.069833,250,0
583,4,7,0,68777,49604,13147,10093,6056,86,9.092387,29.6852,-95.407,250,0
584,8,15,0,80663,68650,26012,37153,20434,75,10.438681,40.807664,-74.069833,250,0
585,6,11,0,70492,61198,20994,11766,5883,103,9.603284,33.9509,-118.3441,350,0
586,3,6,0,70649,54372,9474,4778,2150,108,10.033037,32.7506,-97.0915,350,0
587,1,1,0,68239,46488,19387,15110,8764,53,9.391018,33.7565,-84.4038,250,0
588,5,10,1,69045,58949,10839,4716,2122,131,8.632123,39.0491,-94.4871,400,0
589,5,10,0,69045,56217,5552,10357,4661,109,8.632123,39.0491,-94.4871,400,0
590,9,17,0,68324,60682,28012,34878,20927,85,8.474327,39.9047,-75.1736,250,1
591,6,11,1,70492,65103,30963,18880,9440,104,9.603284,33.9509,-118.3441,350,1
592,4,7,0,68777,60320,20549,19009,11405,70,9.092387,29.6852,-95.407,250,0
593,3,6,1,70649,66021,7484,6828,3073,102,10.033037,32.7506,-97.0915,350,0
594,1,1,1,68239,61552,26559,21408,12417,64,9.391018,33.7565,-84.4038,250,0
595,11,21,0,66925,54411,28951,30646,16855,62,8.408439,47.5917,-122.3272,250,1
596,1,1,0,68239,53468,25775,25044,14526,71,9.391018,33.7565,-84.4038,250,0
597,5,10,2,69045,61492,11247,11019,4959,119,8.632123,39.0491,-94.4871,400,0
598,6,11,0,70492,63701,21476,12492,6246,101,9.603284,33.9509,-118.3441,350,0
599,5,10,0,69045,63827,6583,7984,3593,131,8.632123,39.0491,-94.4871,400,0
600,1,1,0,68239,61391,28015,23905,13865,70,9.391018,33.7565,-84.4038,250,0
601,2,4,0,64146,54018,11972,13560,4746,103,8.671598,42.0916,-71.2648,300,0
602,1,1,0,68239,60984,27120,21633,12547,58,9.391018,33.7565,-84.4038,250,0
603,6,11,4,70492,63557,27002,14691,7346,125,9.603284,33.9509,-118.3441,350,1
604,8,15,0,80663,60240,19318,29346,16140,61,10.438681,40.807664,-74.069833,250,0
605,9,17,0,68324,56419,22066,26131,15679,79,8.474327,39.9047,-75.1736,250,0
606,1,1,1,68239,58540,31074,19886,11534,39,9.391018,33.7565,-84.4038,250,0
607,3,6,1,70649,65682,8774,8574,3858,120,10.033037,32.7506,-97.0915,350,0
608,4,7,0,68777,56653,15923,20833,12500,82,9.092387,29.6852,-95.407,250,0
609,3,6,0,70649,64302,11884,17759,7992,117,10.033037,32.7506,-97.0915,350,1
610,8,15,1,80663,68721,24578,48330,26582,73,10.438681,40.807664,-74.069833,250,0
611,10,19,0,68827,57844,30899,13434,8732,95,8.807888,37.403468,-121.974908,250,0
612,2,3,0,64146,55489,15678,11728,7623,105,8.671598,42.0889,-71.2597,250,0
613,8,15,0,80663,75548,22986,36093,19851,78,10.438681,40.807664,-74.069833,250,0
614,8,15,1,80663,79673,29800,48468,26657,69,10.438681,40.807664,-74.069833,250,1
615,10,19,0,68827,62877,34982,19711,12812,76,8.807888,37.403468,-121.974908,250,0
616,5,10,0,69045,60266,7101,4821,2169,109,8.632123,39.0491,-94.4871,400,0
617,8,16,0,80663,66639,16258,36242,16309,46,10.438681,40.81145,-74.07075,350,0
618,11,21,0,66925,57100,27478,38506,21178,65,8.408439,47.5917,-122.3272,250,1
619,10,19,0,68827,54160,23745,24564,15967,91,8.807888,37.403468,-121.974908,250,0
620,10,19,0,68827,63226,32494,21460,13949,84,8.807888,37.403468,-121.974908,250,1
621,3,6,0,70649,59810,11946,10432,4694,112,10.033037,32.7506,-97.0915,350,0
622,9,17,3,68324,62286,26608,32865,19719,76,8.474327,39.9047,-75.1736,250,1
623,2,4,0,64146,55170,10193,12840,4494,92,8.671598,42.0916,-71.2648,300,0
624,4,7,0,68777,57861,18072,23229,13937,84,9.092387,29.6852,-95.407,250,0
625,6,11,1,70492,67486,26042,5859,2930,112,9.603284,33.9509,-118.3441,350,1
626,5,10,1,69045,58177,6009,6852,3083,109,8.632123,39.0491,-94.4871,400,0
627,3,6,1,70649,66365,14123,9911,4460,112,10.033037,32.7506,-97.0915,350,0
628,10,19,0,68827,68689,39958,27197,17678,101,8.807888,37.403468,-121.974908,250,1
629,9,17,0,68324,54091,23467,24786,14872,80,8.474327,39.9047,-75.1736,250,0
630,9,17,1,68324,57744,31098,23144,13886,83,8.474327,39.9047,-75.1736,250,1
631,3,6,0,70649,54498,6411,8867,3990,104,10.033037,32.7506,-97.0915,350,0
632,1,1,0,68239,59631,28426,27716,16075,66,9.391018,33.7565,-84.4038,250,0
633,6,11,3,70492,62497,28539,17055,8528,141,9.603284,33.9509,-118.3441,350,1
634,11,21,0,66925,59063,37917,30815,16948,72,8.408439,47.5917,-122.3272,250,1
635,7,14,1,64478,52284,10689,6647,2991,127,8.69743,25.9549,-80.2383,350,0
636,4,8,0,68777,57491,11519,18010,7204,61,9.092387,29.6846,-95.4141,300,0
637,2,3,4,64146,64018,20022,20058,13038,116,8.671598,42.0889,-71.2597,250,1
638,11,21,0,66925,57649,26762,32659,17962,65,8.408439,47.5917,-122.3272,250,1
639,5,10,2,69045,63466,5743,5077,2285,120,8.632123,39.0491,-94.4871,400,0
640,11,21,0,66925,55005,27183,29976,16487,62,8.408439,47.5917,-122.3272,250,0
641,6,11,0,70492,61774,27612,15257,7629,103,9.603284,33.9509,-118.3441,350,1
642,1,1,0,68239,57250,29770,19418,11262,58,9.391018,33.7565,-84.4038,250,0
643,2,4,2,64146,56013,13222,8755,3064,100,8.671598,42.0916,-71.2648,300,0
644,1,1,0,68239,56766,31798,23626,13703,60,9.391018,33.7565,-84.4038,250,0
645,3,6,0,70649,62621,8196,13478,6065,125,10.033037,32.7506,-97.0915,350,0
646,10,19,0,68827,53619,28377,21522,13989,75,8.807888,37.403468,-121.974908,250,0
647,10,19,0,68827,60749,32747,21166,13758,90,8.807888,37.403468,-121.974908,250,1
648,3,6,1,70649,63658,10006,10753,4839,111,10.033037,32.7506,-97.0915,350,0
649,8,15,0,80663,73845,25968,42146,23180,70,10.438681,40.807664,-74.069833,250,1
650,10,19,0,68827,55354,33383,23092,15010,77,8.807888,37.403468,-121.974908,250,1
651,10,19,2,68827,68267,42038,34302,22296,98,8.807888,37.403468,-121.974908,250,1
652,6,11,0,70492,45605,14640,10146,5073,94,9.603284,33.9509,-118.3441,350,0
653,8,15,3,80663,75403,29877,53150,29233,82,10.438681,40.807664,-74.069833,250,1
654,2,3,0,64146,50957,15209,4796,3117,96,8.671598,42.0889,-71.2597,250,0
655,9,17,0,68324,51313,21947,23916,14350,70,8.474327,39.9047,-75.1736,250,0
656,1,1,0,68239,56980,25578,21738,12608,48,9.391018,33.7565,-84.4038,250,0
657,9,17,0,68324,58326,23853,28726,17236,105,8.474327,39.9047,-75.1736,250,1
658,1,1,1,68239,66516,30791,29993,17396,71,9.391018,33.7565,-84.4038,250,1
659,1,1,0,68239,61523,23575,21264,12333,74,9.391018,33.7565,-84.4038,250,0
660,11,21,0,66925,56284,26611,28925,15909,77,8.408439,47.5917,-122.3272,250,1
661,4,7,1,68777,52452,15769,14539,8723,82,9.092387,29.6852,-95.407,250,0
662,4,7,0,68777,58142,21422,15637,9382,93,9.092387,29.6852,-95.407,250,0
663,3,6,0,70649,59270,10992,8219,3699,113,10.033037,32.7506,-97.0915,350,0
664,4,7,2,68777,62191,16021,17902,10741,90,9.092387,29.6852,-95.407,250,0
665,6,11,0,70492,59609,26495,12398,6199,89,9.603284,33.9509,-118.3441,350,0
666,1,1,0,68239,60394,37406,25136,14579,73,9.391018,33.7565,-84.4038,250,1
667,4,7,0,68777,50805,16243,17237,10342,97,9.092387,29.6852,-95.407,250,0
668,3,6,2,70649,58029,11154,13094,5892,122,10.033037,32.7506,-97.0915,350,0
669,8,16,0,80663,65577,15049,45137,20312,63,10.438681,40.81145,-74.07075,350,0
670,11,21,0,66925,58571,32682,29632,16298,77,8.408439,47.5917,-122.3272,250,1
671,7,13,0,64478,55616,14180,8837,4860,117,8.69743,25.957,-80.2425,400,0
672,8,15,0,80663,69977,23398,44277,24352,87,10.438681,40.807664,-74.069833,250,1
673,8,15,0,80663,66889,20596,49870,27429,74,10.438681,40.807664,-74.069833,250,1
674,4,7,1,68777,61574,20464,17178,10307,79,9.092387,29.6852,-95.407,250,0
675,2,3,0,64146,53243,13331,13313,8653,91,8.671598,42.0889,-71.2597,250,0
676,3,6,0,70649,60923,10816,13153,5919,115,10.033037,32.7506,-97.0915,350,0
677,1,1,0,68239,59318,24271,23253,13487,67,9.391018,33.7565,-84.4038,250,0
678,7,14,0,64478,46337,7153,5541,2493,106,8.69743,25.9549,-80.2383,350,0
679,8,15,0,80663,60623,15401,43601,23981,51,10.438681,40.807664,-74.069833,250,0
680,10,19,0,68827,67099,34586,27754,18040,100,8.807888,37.403468,-121.974908,250,1
681,2,3,1,64146,61942,17956,14575,9474,121,8.671598,42.0889,-71.2597,250,1
682,1,1,0,68239,55808,29716,18724,10860,56,9.391018,33.7565,-84.4038,250,0
683,6,11,0,70492,59688,23525,5776,2888,86,9.603284,33.9509,-118.3441,350,0
684,8,16,0,80663,67761,13302,39487,17769,83,10.438681,40.81145,-74.07075,350,0
685,10,19,1,68827,59138,28051,21847,14201,99,8.807888,37.403468,-121.974908,250,1
686,10,19,0,68827,57893,32701,21686,14096,84,8.807888,37.403468,-121.974908,250,1
687,11,21,0,66925,60872,35573,35896,19743,70,8.408439,47.5917,-122.3272,250,1
688,2,4,0,64146,59248,13346,19199,6720,104,8.671598,42.0916,-71.2648,300,1
689,9,17,0,68324,58966,28803,31283,18770,76,8.474327,39.9047,-75.1736,250,1
690,3,6,0,70649,62365,14892,8947,4026,114,10.033037,32.7506,-97.0915,350,0
691,8,15,0,80663,63808,18251,37797,20788,69,10.438681,40.807664,-74.069833,250,0
692,5,10,1,69045,63333,4500,5067,2280,121,8.632123,39.0491,-94.4871,400,0
693,11,21,0,66925,55974,29021,27438,15091,69,8.408439,47.5917,-122.3272,250,0
694,3,6,0,70649,63335,8919,5067,2280,121,10.033037,32.7506,-97.0915,350,0
695,8,16,0,80663,63525,14251,42687,19209,74,10.438681,40.81145,-74.07075,350,0
696,4,7,0,68777,60649,22074,21710,13026,82,9.092387,29.6852,-95.407,250,0
697,5,10,0,69045,51029,4194,8773,3948,113,8.632123,39.0491,-94.4871,400,0
698,6,11,0,70492,56965,22616,11602,5801,117,9.603284,33.9509,-118.3441,350,0
699,3,6,0,70649,58512,8735,8733,3930,110,10.033037,32.7506,-97.0915,350,0
700,5,10,3,69045,68219,10899,11422,5140,116,8.632123,39.0491,-94.4871,400,1
701,9,17,1,68324,52189,19947,22121,13273,75,8.474327,39.9047,-75.1736,250,0
702,6,11,0,70492,62218,27898,13299,6650,109,9.603284,33.9509,-118.3441,350,0
703,6,11,0,70492,66744,29740,11286,5643,113,9.603284,33.9509,-118.3441,350,1
704,6,11,4,70492,65852,27168,15494,7747,107,9.603284,33.9509,-118.3441,350,1
705,5,10,0,69045,59098,7212,6947,3126,116,8.632123,39.0491,-94.4871,400,0
706,1,1,2,68239,59702,28045,20445,11858,74,9.391018,33.7565,-84.4038,250,0
707,6,11,2,70492,56357,15166,15439,7720,111,9.603284,33.9509,-118.3441,350,0
708,5,10,0,69045,55478,5982,7117,3203,117,8.632123,39.0491,-94.4871,400,0
709,3,6,0,70649,65553,9594,5829,2623,126,10.033037,32.7506,-97.0915,350,0
710,8,15,2,80663,73123,25264,38846,21365,71,10.438681,40.807664,-74.069833,250,1
711,9,17,3,68324,66723,31850,36972,22183,102,8.474327,39.9047,-75.1736,250,1
712,8,15,0,80663,56752,19718,32879,18083,73,10.438681,40.807664,-74.069833,250,0
713,4,7,1,68777,68639,19824,17337,10402,93,9.092387,29.6852,-95.407,250,1
714,8,15,2,80663,71194,24134,40812,22447,85,10.438681,40.807664,-74.069833,250,1
715,2,4,3,64146,61059,14846,14677,5137,115,8.671598,42.0916,-71.2648,300,1
716,9,17,0,68324,52264,27856,25040,15024,79,8.474327,39.9047,-75.1736,250,0
717,2,3,0,64146,47277,13970,12798,8319,92,8.671598,42.0889,-71.2597,250,0
718,8,15,0,80663,73350,22318,40938,22516,76,10.438681,40.807664,-74.069833,250,1
719,6,11,1,70492,60044,24614,15462,7731,109,9.603284,33.9509,-118.3441,350,0
720,8,15,3,80663,68283,25804,47394,26067,81,10.438681,40.807664,-74.069833,250,1
721,2,3,2,64146,64018,20695,20441,13287,110,8.671598,42.0889,-71.2597,250,1
722,10,19,0,68827,57538,35500,23212,15088,68,8.807888,37.403468,-121.974908,250,0
723,7,13,0,64478,53357,16656,11646,6405,127,8.69743,25.957,-80.2425,400,0
724,2,4,0,64146,60210,12683,11738,4108,119,8.671598,42.0916,-71.2648,300,1
725,3,6,1,70649,60947,3923,10237,4607,117,10.033037,32.7506,-97.0915,350,0
726,4,7,0,68777,53439,16173,16583,9950,84,9.092387,29.6852,-95.407,250,0
727,4,7,0,68777,56410,21506,16521,9913,79,9.092387,29.6852,-95.407,250,0
728,1,1,0,68239,62798,25932,28967,16801,60,9.391018,33.7565,-84.4038,250,0
729,2,3,0,64146,49218,12449,6864,4462,103,8.671598,42.0889,-71.2597,250,0
730,5,10,0,69045,60178,4302,11743,5284,131,8.632123,39.0491,-94.4871,400,0
731,9,17,0,68324,56276,27131,23133,13880,76,8.474327,39.9047,-75.1736,250,0
732,10,19,1,68827,60027,34789,23126,15032,105,8.807888,37.403468,-121.974908,250,1
733,11,21,1,66925,46928,22825,24809,13645,67,8.408439,47.5917,-122.3272,250,0
734,10,19,0,68827,54352,25317,17934,11657,79,8.807888,37.403468,-121.974908,250,0
735,5,10,4,69045,61987,7469,6868,3091,131,8.632123,39.0491,-94.4871,400,0
736,3,6,0,70649,55436,6299,5302,2386,122,10.033037,32.7506,-97.0915,350,0
737,1,1,0,68239,56916,31357,22039,12783,62,9.391018,33.7565,-84.4038,250,0
738,5,10,1,69045,59458,2973,4757,2141,116,8.632123,39.0491,-94.4871,400,0
739,8,15,0,80663,64146,17764,41157,22636,63,10.438681,40.807664,-74.069833,250,0
740,6,11,0,70492,57534,20702,14731,7366,100,9.603284,33.9509,-118.3441,350,0
741,10,19,5,68827,68689,40487,33019,21462,107,8.807888,37.403468,-121.974908,250,1
742,5,10,2,69045,64764,10488,12802,5761,130,8.632123,39.0491,-94.4871,400,1
743,1,1,0,68239,52225,22221,19306,11197,75,9.391018,33.7565,-84.4038,250,0
744,10,19,0,68827,59327,34598,25586,16631,87,8.807888,37.403468,-121.974908,250,1
745,3,5,0,70649,62550,16218,12497,6873,109,10.033037,32.7479,-97.0909,300,0
746,6,11,0,70492,64222,22768,13791,6896,98,9.603284,33.9509,-118.3441,350,0
747,2,3,0,64146,59483,16629,18959,12323,115,8.671598,42.0889,-71.2597,250,1
748,4,7,1,68777,62302,26655,20406,12244,94,9.092387,29.6852,-95.407,250,1
749,7,13,3,64478,57767,15051,4621,2542,128,8.69743,25.957,-80.2425,400,1
750,2,4,0,64146,64018,14998,14228,4980,97,8.671598,42.0916,-71.2648,300,1
751,3,6,0,70649,59540,2977,14322,6445,104,10.033037,32.7506,-97.0915,350,0
752,10,19,1,68827,65222,34791,24384,15850,89,8.807888,37.403468,-121.974908,250,1
753,6,11,0,70492,65157,25851,12604,6302,108,9.603284,33.9509,-118.3441,350,0
754,3,6,0,70649,66505,8128,8619,3879,113,10.033037,32.7506,-97.0915,350,0
755,10,19,0,68827,64612,34009,23144,15044,89,8.807888,37.403468,-121.974908,250,1
756,7,13,0,64478,50532,13165,6511,3581,108,8.69743,25.957,-80.2425,400,0
757,2,3,0,64146,55606,14021,12648,8221,93,8.671598,42.0889,-71.2597,250,0
758,11,21,0,66925,52404,24772,30971,17034,59,8.408439,47.5917,-122.3272,250,0
759,10,19,3,68827,62836,38944,21381,13898,98,8.807888,37.403468,-121.974908,250,1
760,7,14,0,64478,47232,4686,4999,2250,111,8.69743,25.9549,-80.2383,350,0
761,9,17,0,68324,55132,26132,22553,13532,85,8.474327,39.9047,-75.1736,250,0
762,4,7,0,68777,60878,21595,22212,13327,72,9.092387,29.6852,-95.407,250,0
763,1,1,0,68239,48193,19708,19736,11447,53,9.391018,33.7565,-84.4038,250,0
764,2,4,0,64146,48992,11396,13754,4814,106,8.671598,42.0916,-71.2648,300,0
765,11,21,0,66925,50061,31742,31452,17299,65,8.408439,47.5917,-122.3272,250,1
766,4,7,2,68777,60103,21749,22438,13463,94,9.092387,29.6852,-95.407,250,1
767,11,21,0,66925,50027,23367,28248,15536,59,8.408439,47.5917,-122.3272,250,0
768,7,13,0,64478,46886,12690,9817,5399,111,8.69743,25.957,-80.2425,400,0
