HostRegionCode,MatchStageCode,StadiumCapacity,TicketHolders,TransitPassengers,PedestrianVolume,EgressMinutes,FTAFundingMillions,Outcome
8,0,80663,80000,21695,53000,60,10.438681,1
8,0,80663,78401,26221,42000,70,10.438681,1
8,0,80663,72777,25946,42000,60,10.438681,0
8,0,80663,80663,20857,56000,60,10.438681,1
8,0,80663,80663,26009,50000,60,10.438681,1
8,1,80663,73115,22816,45000,60,10.438681,0
8,2,80663,74273,22258,46000,60,10.438681,0
8,5,80663,80663,21024,65000,60,10.438681,1
3,1,70649,66636,5748,7439,110,10.033037,0
9,2,68324,60634,34977,30321,87,8.474327,1
6,0,70492,54851,22521,9051,102,9.603284,0
6,3,70492,70351,23946,19228,118,9.603284,1
1,0,68239,62734,26616,26017,60,9.391018,0
11,1,66925,63611,28105,38679,61,8.408439,1
9,0,68324,51982,24767,24763,70,8.474327,0
3,3,70649,62496,3125,5000,122,10.033037,0
6,0,70492,59553,20842,17884,84,9.603284,0
3,1,70649,58936,5800,7782,110,10.033037,0
10,0,68827,48455,25167,22405,76,8.807888,0
2,0,64146,56338,15909,10121,98,8.671598,0
1,2,68239,64284,36479,34285,68,9.391018,1
1,0,68239,61345,28831,24467,65,9.391018,0
8,0,80663,56559,11567,35660,64,10.438681,0
4,2,68777,57719,15447,17538,88,9.092387,0
8,0,80663,69275,23883,38689,78,10.438681,0
10,0,68827,59441,27460,20194,92,8.807888,0
8,0,80663,62099,15334,40404,63,10.438681,0
1,0,68239,54975,29505,18162,53,9.391018,0
4,0,68777,64021,21351,29205,89,9.092387,1
8,0,80663,60525,16269,40151,67,10.438681,0
10,0,68827,60789,33297,18823,100,8.807888,1
3,0,70649,61674,9313,9225,96,10.033037,0
9,0,68324,59330,31822,28979,72,8.474327,1
6,2,70492,67607,33488,14144,124,9.603284,1
11,0,66925,50733,28443,25785,40,8.408439,0
6,0,70492,59681,21123,10936,127,9.603284,0
3,0,70649,63025,8517,12436,107,10.033037,0
3,4,70649,61136,12909,16089,112,10.033037,0
3,1,70649,57825,10400,8397,101,10.033037,0
6,0,70492,60066,17974,10633,96,9.603284,0
10,0,68827,58514,26550,27549,79,8.807888,1
5,0,69045,56833,4537,7168,125,8.632123,0
10,2,68827,55901,33603,21750,85,8.807888,0
1,0,68239,55402,28410,16725,62,9.391018,0
3,1,70649,60975,3820,5145,109,10.033037,0
7,0,64478,61097,15271,8076,127,8.697430,1
11,5,66925,56617,31660,31479,80,8.408439,1
1,0,68239,58889,34321,24667,61,9.391018,0
4,0,68777,58639,19452,17798,85,9.092387,0
8,2,80663,63204,22732,38598,73,10.438681,0
10,2,68827,60559,31983,18472,90,8.807888,1
10,0,68827,58899,29778,22558,90,8.807888,1
5,2,69045,61808,10606,4945,150,8.632123,0
3,1,70649,60220,10744,11773,101,10.033037,0
1,0,68239,64189,27924,19134,42,9.391018,0
4,0,68777,68639,19577,26708,78,9.092387,0
11,1,66925,52643,27900,25125,68,8.408439,0
11,1,66925,54351,33926,30310,81,8.408439,1
2,2,64146,61779,11128,10850,116,8.671598,1
9,1,68324,59496,27068,38616,90,8.474327,1
6,0,70492,64469,23875,13567,101,9.603284,0
11,0,66925,61416,30243,30155,74,8.408439,1
3,1,70649,52281,5521,9193,114,10.033037,0
8,3,80663,69851,20847,40709,76,10.438681,1
5,4,69045,59704,3080,10752,136,8.632123,0
11,0,66925,66791,32359,32717,76,8.408439,1
5,1,69045,58262,2913,12754,112,8.632123,0
7,0,64478,57898,9999,8874,125,8.697430,0
7,0,64478,47691,7646,10949,107,8.697430,0
11,0,66925,64999,33698,36695,60,8.408439,1
1,1,68239,55865,26628,27348,60,9.391018,0
4,0,68777,48624,18869,13961,65,9.092387,0
4,0,68777,61400,24020,19070,80,9.092387,0
8,0,80663,65217,17941,36113,81,10.438681,0
1,1,68239,64577,36230,23103,55,9.391018,1
1,0,68239,51780,25407,18407,62,9.391018,0
8,0,80663,71510,20257,45599,66,10.438681,0
7,1,64478,54985,15812,7054,136,8.697430,0
3,0,70649,55711,5421,13501,112,10.033037,0
1,1,68239,54666,22513,22347,56,9.391018,0
4,0,68777,56423,9429,15648,82,9.092387,0
8,3,80663,79204,31825,47700,82,10.438681,1
10,1,68827,60118,32752,24013,84,8.807888,1
8,0,80663,70329,16036,37256,76,10.438681,0
8,0,80663,62838,17668,39151,53,10.438681,0
4,2,68777,57852,15467,9833,73,9.092387,0
2,0,64146,46514,11418,9390,97,8.671598,0
2,0,64146,54311,14472,5685,108,8.671598,0
1,1,68239,63582,28187,22085,53,9.391018,0
1,2,68239,51789,22384,23775,59,9.391018,0
1,3,68239,59341,30695,22097,75,9.391018,1
1,1,68239,66172,37938,27562,62,9.391018,1
8,0,80663,70756,18825,39258,72,10.438681,0
3,1,70649,63859,9699,14240,112,10.033037,0
6,0,70492,61477,24176,16330,111,9.603284,1
9,0,68324,62534,23362,23255,87,8.474327,1
6,1,70492,56204,19808,11580,108,9.603284,0
8,0,80663,69128,19649,41641,77,10.438681,0
8,1,80663,64089,21786,28796,59,10.438681,0
6,0,70492,58703,25324,11509,112,9.603284,1
6,0,70492,54612,21035,16909,93,9.603284,0
8,0,80663,50224,13006,23594,82,10.438681,0
6,3,70492,66759,35491,12400,117,9.603284,1
3,0,70649,59026,5817,8811,96,10.033037,0
11,0,66925,54438,30111,30134,63,8.408439,1
8,0,80663,75479,29246,52301,77,10.438681,1
6,0,70492,59374,19888,11219,98,9.603284,0
3,0,70649,55964,4215,4477,108,10.033037,0
10,0,68827,61134,29329,22573,79,8.807888,1
3,0,70649,56494,12108,11366,103,10.033037,0
9,0,68324,60006,27572,28761,75,8.474327,1
8,1,80663,64940,21223,41950,73,10.438681,0
10,0,68827,57001,35071,23233,86,8.807888,1
5,2,69045,57169,4186,8192,132,8.632123,0
7,1,64478,56383,12573,9456,103,8.697430,0
2,0,64146,57550,15121,11319,95,8.671598,0
3,0,70649,59399,10047,10223,106,10.033037,0
11,0,66925,56123,33987,26606,69,8.408439,1
11,0,66925,55404,26080,27784,66,8.408439,0
3,0,70649,54815,6895,8373,98,10.033037,0
11,3,66925,55480,32303,35756,84,8.408439,1
3,0,70649,60595,8211,10948,122,10.033037,0
1,0,68239,57954,24173,16216,60,9.391018,0
1,0,68239,60891,32524,18671,59,9.391018,0
10,1,68827,61861,32993,22511,85,8.807888,1
10,0,68827,61830,31182,24039,92,8.807888,1
4,1,68777,58118,19422,20205,85,9.092387,0
10,0,68827,48527,25638,16141,70,8.807888,0
10,0,68827,63185,36306,27795,99,8.807888,1
9,0,68324,56223,22018,27545,84,8.474327,1
10,1,68827,59624,40529,23292,101,8.807888,1
8,0,80663,71549,19383,47993,64,10.438681,0
4,0,68777,57670,20755,20680,68,9.092387,0
8,0,80663,70793,21338,45547,80,10.438681,0
1,1,68239,56754,25194,20629,66,9.391018,0
2,0,64146,62246,10388,16809,108,8.671598,0
7,1,64478,50278,10602,4022,129,8.697430,0
5,0,69045,57623,7306,6188,124,8.632123,0
11,0,66925,54632,25927,27887,81,8.408439,1
3,0,70649,54556,3546,8239,99,10.033037,0
1,0,68239,57312,22966,20697,58,9.391018,0
6,0,70492,70351,29608,13649,93,9.603284,1
3,0,70649,56208,2810,5891,110,10.033037,0
1,0,68239,57103,23771,20418,56,9.391018,0
5,0,69045,57835,7224,6247,120,8.632123,0
6,1,70492,60896,26902,15211,117,9.603284,1
1,0,68239,56383,29589,19172,75,9.391018,0
9,0,68324,68095,33036,34260,87,8.474327,1
7,0,64478,56819,9215,8920,123,8.697430,0
2,0,64146,58657,19691,10930,102,8.671598,0
8,0,80663,69857,17651,45386,77,10.438681,0
1,0,68239,62928,27343,26445,66,9.391018,0
8,0,80663,70269,21794,38933,70,10.438681,0
9,0,68324,55627,25316,20739,70,8.474327,0
8,0,80663,69731,18080,42459,65,10.438681,0
3,0,70649,59166,10545,8022,100,10.033037,0
5,0,69045,56213,7464,6098,122,8.632123,0
3,0,70649,65712,8647,10441,101,10.033037,0
9,2,68324,60187,27913,24224,84,8.474327,1
8,1,80663,71765,19259,43557,67,10.438681,0
1,0,68239,63175,29319,29246,69,9.391018,1
9,2,68324,66193,31035,34559,101,8.474327,1
7,0,64478,51812,10128,4145,110,8.697430,0
10,1,68827,63404,35193,23652,105,8.807888,1
11,0,66925,59389,30115,33672,79,8.408439,1
6,0,70492,67603,30771,17936,98,9.603284,1
8,0,80663,68008,20118,37699,61,10.438681,0
3,0,70649,55159,9983,9071,111,10.033037,0
1,0,68239,58437,30667,22183,80,9.391018,1
10,1,68827,47166,23310,16058,69,8.807888,0
11,0,66925,54781,27816,33560,65,8.408439,1
3,1,70649,61937,7676,12575,110,10.033037,0
2,0,64146,52030,12149,17473,95,8.671598,0
10,2,68827,64987,34176,24942,89,8.807888,1
3,1,70649,58568,7294,9665,95,10.033037,0
8,0,80663,74979,21087,46258,69,10.438681,0
5,0,69045,57574,9565,4606,115,8.632123,0
1,1,68239,63054,26484,27981,66,9.391018,0
5,0,69045,52172,9145,7137,110,8.632123,0
4,0,68777,52089,17591,20705,76,9.092387,0
2,1,64146,58720,16583,14678,119,8.671598,1
9,1,68324,52937,21758,21575,73,8.474327,0
4,0,68777,59370,18840,19127,77,9.092387,0
5,0,69045,62802,3140,9506,117,8.632123,0
6,1,70492,64860,26373,6497,103,9.603284,0
4,0,68777,48196,17494,16623,78,9.092387,0
7,0,64478,53525,8821,5894,103,8.697430,0
5,1,69045,50841,5503,6333,112,8.632123,0
10,0,68827,62859,34973,16266,81,8.807888,1
9,0,68324,65269,23244,24339,71,8.474327,1
11,0,66925,56009,25861,28695,68,8.408439,1
6,1,70492,60277,22135,8573,92,9.603284,0
3,0,70649,61280,7172,8893,107,10.033037,0
7,0,64478,57239,15110,5848,118,8.697430,0
9,0,68324,64100,24779,30062,95,8.474327,1
6,0,70492,61037,24736,17083,100,9.603284,0
6,0,70492,66898,29027,12873,96,9.603284,1
6,0,70492,63236,19179,19265,103,9.603284,0
3,1,70649,61504,5833,6698,103,10.033037,0
1,0,68239,55507,27317,22696,63,9.391018,0
9,0,68324,55975,25275,22740,73,8.474327,0
2,0,64146,54202,15377,9130,116,8.671598,0
9,0,68324,61229,33781,30379,89,8.474327,1
2,2,64146,58459,15793,15577,105,8.671598,1
7,0,64478,50964,8205,4077,97,8.697430,0
9,2,68324,58401,26175,30005,84,8.474327,1
8,0,80663,65633,17786,45439,63,10.438681,0
11,1,66925,57472,28148,27312,75,8.408439,1
9,0,68324,56449,23762,22542,74,8.474327,0
7,4,64478,53333,12272,9211,133,8.697430,1
3,0,70649,57832,6478,10219,94,10.033037,0
10,1,68827,63312,30679,24228,81,8.807888,1
4,0,68777,52514,16284,19331,72,9.092387,0
5,1,69045,60659,6487,13625,109,8.632123,0
5,2,69045,60103,5225,12042,121,8.632123,0
3,0,70649,63095,9760,8821,114,10.033037,0
7,3,64478,58018,14467,11484,124,8.697430,1
3,1,70649,61664,9275,6790,121,10.033037,0
5,0,69045,51823,2591,12305,118,8.632123,0
6,0,70492,62300,24135,14264,115,9.603284,1
9,0,68324,48522,21508,22987,79,8.474327,0
6,0,70492,61407,17241,9038,102,9.603284,0
7,0,64478,58044,15501,11088,122,8.697430,0
11,1,66925,63594,38679,36206,90,8.408439,1
3,2,70649,66922,11989,10787,131,10.033037,1
3,3,70649,60018,5836,8408,124,10.033037,0
10,0,68827,56275,32958,18918,96,8.807888,1
3,0,70649,58690,13363,4950,112,10.033037,0
2,1,64146,59043,17440,20695,97,8.671598,1
7,0,64478,52094,8402,4168,104,8.697430,0
11,0,66925,55787,28585,27504,64,8.408439,1
5,0,69045,68862,5530,5509,127,8.632123,0
3,0,70649,61977,5154,4958,108,10.033037,0
11,2,66925,57863,30541,30005,63,8.408439,1
11,0,66925,53794,32141,25896,55,8.408439,0
2,0,64146,55038,12867,17579,102,8.671598,0
6,0,70492,55717,23817,7965,90,9.603284,0
8,1,80663,65863,20329,38371,70,10.438681,0
2,1,64146,60498,19530,20595,116,8.671598,1
1,0,68239,64779,31143,31361,67,9.391018,1
10,2,68827,68689,36798,22073,84,8.807888,1
6,0,70492,58017,21953,15500,109,9.603284,0
1,0,68239,60151,35045,25556,62,9.391018,1
1,4,68239,67046,35327,28026,68,9.391018,1
3,1,70649,59237,9184,10087,120,10.033037,0
10,0,68827,57846,36379,21182,96,8.807888,1
3,0,70649,58841,5743,8788,112,10.033037,0
7,0,64478,56768,10176,5450,117,8.697430,0
9,0,68324,52918,22265,21315,75,8.474327,0
9,0,68324,65212,32464,28520,89,8.474327,1
11,0,66925,52792,27244,35735,47,8.408439,0
7,0,64478,55890,8303,4471,111,8.697430,0
5,0,69045,59548,5830,4764,129,8.632123,0
5,2,69045,57034,9226,14229,127,8.632123,0
9,0,68324,51425,19070,25235,91,8.474327,0
6,0,70492,62768,24359,12723,98,9.603284,0
8,0,80663,79217,19889,50415,76,10.438681,1
5,1,69045,53977,10094,6952,120,8.632123,0
10,0,68827,68689,38739,29980,76,8.807888,1
8,0,80663,68520,22317,34691,54,10.438681,0
6,0,70492,63174,23459,10890,117,9.603284,0
5,1,69045,59941,9504,4795,120,8.632123,0
6,1,70492,63201,20881,13988,115,9.603284,1
8,0,80663,65812,12709,37682,62,10.438681,0
3,0,70649,48178,3606,9888,91,10.033037,0
7,1,64478,53732,15822,5085,129,8.697430,0
9,0,68324,66979,31539,32482,83,8.474327,1
9,0,68324,62631,27066,22383,71,8.474327,1
6,0,70492,51383,19802,10921,101,9.603284,0
1,3,68239,52108,29154,21188,73,9.391018,0
3,1,70649,56417,4177,4513,110,10.033037,0
4,0,68777,65023,25115,28316,99,9.092387,1
4,2,68777,62379,23366,30463,83,9.092387,1
9,3,68324,56697,27460,28564,77,8.474327,1
6,0,70492,55350,22566,16737,93,9.603284,0
9,2,68324,58978,26284,23780,96,8.474327,1
3,1,70649,55761,8241,10783,116,10.033037,0
6,0,70492,62839,22993,16292,95,9.603284,0
3,0,70649,62501,12087,12255,116,10.033037,0
6,5,70492,62575,27526,14155,122,9.603284,1
7,0,64478,60527,14708,9738,142,8.697430,1
11,0,66925,58546,27429,34148,65,8.408439,1
2,0,64146,56737,15670,16740,108,8.671598,1
7,0,64478,60629,11259,11460,123,8.697430,0
8,2,80663,75644,20344,36729,76,10.438681,1
2,1,64146,51869,15088,7792,97,8.671598,0
4,0,68777,57331,14799,13620,65,9.092387,0
11,0,66925,58881,32845,32268,85,8.408439,1
7,1,64478,50864,10425,11384,111,8.697430,0
10,0,68827,68689,38199,31912,102,8.807888,1
4,1,68777,68639,20777,23880,92,9.092387,1
6,0,70492,64186,24462,8718,103,9.603284,0
11,0,66925,63778,33285,26259,60,8.408439,1
11,0,66925,54642,27228,28485,74,8.408439,0
10,0,68827,59469,38000,14997,88,8.807888,1
7,0,64478,51416,13497,7898,115,8.697430,0
1,0,68239,65447,36642,19167,67,9.391018,1
8,0,80663,72356,27272,40605,80,10.438681,1
4,0,68777,57280,20120,13791,76,9.092387,0
3,0,70649,56703,8109,8300,88,10.033037,0
6,0,70492,59438,29767,11427,107,9.603284,0
8,0,80663,70235,19139,43085,72,10.438681,0
8,0,80663,73249,17647,48051,84,10.438681,1
3,1,70649,62034,9597,9676,98,10.033037,0
1,2,68239,61630,35863,23503,65,9.391018,1
6,0,70492,61296,27613,19363,104,9.603284,1
3,3,70649,67024,13396,14714,129,10.033037,1
10,0,68827,44007,20695,11049,82,8.807888,0
1,2,68239,67729,32170,26305,72,9.391018,1
4,0,68777,52382,17426,16809,89,9.092387,0
9,0,68324,53904,23930,18866,76,8.474327,0
5,0,69045,59927,3025,6659,104,8.632123,0
5,2,69045,60580,12658,4846,120,8.632123,0
8,0,80663,72824,18774,41437,64,10.438681,0
3,0,70649,58197,5392,4656,108,10.033037,0
11,0,66925,60936,30613,36990,78,8.408439,1
4,0,68777,53937,14069,11264,80,9.092387,0
11,1,66925,64931,35891,32996,69,8.408439,1
10,2,68827,64273,36684,28039,97,8.807888,1
3,1,70649,59001,3478,7977,116,10.033037,0
5,4,69045,68907,13272,14100,134,8.632123,1
8,2,80663,62043,22334,35077,61,10.438681,0
1,2,68239,54893,30487,21482,69,9.391018,0
7,0,64478,53120,11761,7121,129,8.697430,0
4,0,68777,62204,18899,25854,94,9.092387,1
4,0,68777,52724,16303,17516,86,9.092387,0
8,2,80663,73205,22929,51427,72,10.438681,1
2,0,64146,54221,15201,12838,108,8.671598,0
7,0,64478,48354,8602,9563,113,8.697430,0
6,0,70492,60619,16332,11925,104,9.603284,0
10,0,68827,55289,34800,21527,86,8.807888,1
1,2,68239,54590,26497,23076,52,9.391018,0
2,1,64146,48982,14235,6509,101,8.671598,0
8,0,80663,68852,12729,41038,80,10.438681,0
11,0,66925,51017,27709,28390,68,8.408439,0
6,0,70492,54543,17646,11932,94,9.603284,0
2,0,64146,64018,19869,17800,106,8.671598,1
4,0,68777,56241,17282,16568,67,9.092387,0
4,0,68777,64561,22061,17246,62,9.092387,0
1,0,68239,63512,27474,24301,70,9.391018,0
2,0,64146,63055,14223,14836,98,8.671598,0
9,0,68324,63660,32201,29026,85,8.474327,1
4,1,68777,60533,19279,18610,68,9.092387,0
5,2,69045,67903,13696,12779,127,8.632123,1
2,1,64146,58590,18833,7702,101,8.671598,0
6,0,70492,60140,22805,15224,104,9.603284,0
3,0,70649,62646,3132,7818,117,10.033037,0
6,0,70492,59664,23214,10618,107,9.603284,0
3,0,70649,60325,6069,14513,122,10.033037,0
11,0,66925,58126,27739,27851,66,8.408439,1
9,0,68324,61388,26494,25872,81,8.474327,1
7,0,64478,56224,11297,8963,126,8.697430,0
7,1,64478,61402,17619,10004,132,8.697430,1
8,0,80663,71305,21007,47904,66,10.438681,0
6,0,70492,57386,19962,14302,107,9.603284,0
9,0,68324,63183,28962,28620,75,8.474327,1
7,0,64478,47854,9326,6588,119,8.697430,0
5,0,69045,66997,4928,7016,127,8.632123,0
2,0,64146,51903,13969,6904,101,8.671598,0
9,0,68324,65208,32691,31887,79,8.474327,1
10,0,68827,58986,34996,22259,100,8.807888,1
7,0,64478,51951,14661,8755,123,8.697430,0
11,2,66925,59921,29765,31471,83,8.408439,1
7,0,64478,53248,14687,6397,121,8.697430,0
4,1,68777,56876,19903,9846,98,9.092387,0
5,0,69045,59607,4034,9682,94,8.632123,0
10,0,68827,53429,28898,18766,92,8.807888,0
1,3,68239,62886,30924,22091,72,9.391018,1
8,0,80663,66621,17949,41279,67,10.438681,0
6,0,70492,67583,25297,16675,110,9.603284,1
2,0,64146,52114,15029,15260,89,8.671598,0
2,0,64146,56281,19897,11154,117,8.671598,0
2,0,64146,58351,17358,9108,87,8.671598,0
11,0,66925,63666,36363,36886,72,8.408439,1
6,0,70492,63472,20777,17335,129,9.603284,1
10,2,68827,63415,34731,26509,94,8.807888,1
8,0,80663,67229,27208,39876,73,10.438681,0
2,4,64146,54418,17868,15063,109,8.671598,1
5,1,69045,64849,8297,5188,127,8.632123,0
2,1,64146,48696,12130,10181,97,8.671598,0
9,0,68324,51288,21920,27155,75,8.474327,0
5,0,69045,62133,3107,4971,108,8.632123,0
11,0,66925,60525,32613,28857,78,8.408439,1
4,1,68777,50822,17589,20532,93,9.092387,0
11,0,66925,55892,31803,30115,60,8.408439,1
6,0,70492,60275,20950,8094,106,9.603284,0
9,0,68324,61467,29425,31907,89,8.474327,1
6,0,70492,60782,23966,10586,117,9.603284,0
8,1,80663,60633,17199,39819,64,10.438681,0
9,0,68324,63782,31600,26588,87,8.474327,1
7,0,64478,52761,11281,4221,126,8.697430,0
6,0,70492,64049,26520,19530,98,9.603284,0
9,1,68324,60099,27231,27642,83,8.474327,1
8,0,80663,69361,19349,40805,68,10.438681,0
7,0,64478,53778,10752,5771,119,8.697430,0
5,0,69045,55962,4662,5792,121,8.632123,0
5,2,69045,60570,4573,9183,122,8.632123,0
5,0,69045,58820,5847,5347,121,8.632123,0
7,0,64478,62436,14488,10229,129,8.697430,1
5,0,69045,56078,7194,10751,118,8.632123,0
3,5,70649,69621,20100,15886,145,10.033037,1
3,1,70649,57603,5134,6745,108,10.033037,0
8,1,80663,75929,27458,48950,73,10.438681,1
4,1,68777,54352,16505,15316,79,9.092387,0
2,1,64146,52942,13749,11612,106,8.671598,0
3,2,70649,55029,5389,11347,110,10.033037,0
11,0,66925,63235,31999,37409,68,8.408439,1
2,1,64146,54173,14164,9403,103,8.671598,0
8,0,80663,69712,18327,37402,73,10.438681,0
1,0,68239,60300,31592,16518,56,9.391018,0
2,0,64146,51137,11979,13300,105,8.671598,0
11,2,66925,62163,32867,31697,75,8.408439,1
2,0,64146,44621,11623,10500,85,8.671598,0
4,0,68777,66928,22500,26200,82,9.092387,1
1,0,68239,57215,21391,21306,45,9.391018,0
9,0,68324,60774,27992,24423,78,8.474327,1
6,3,70492,70351,31342,21451,123,9.603284,1
8,0,80663,69391,26899,37503,69,10.438681,0
3,0,70649,64437,9144,8413,104,10.033037,0
3,3,70649,53254,4269,4260,107,10.033037,0
11,1,66925,55129,32616,26683,62,8.408439,1
6,0,70492,62852,23960,16562,112,9.603284,1
3,1,70649,65750,3288,13868,110,10.033037,0
3,0,70649,47215,5902,5865,85,10.033037,0
9,0,68324,47966,19737,15596,76,8.474327,0
6,3,70492,70351,30928,19504,109,9.603284,1
8,0,80663,73950,24205,46843,61,10.438681,0
4,0,68777,56373,10924,28166,83,9.092387,0
8,0,80663,69724,19746,39182,73,10.438681,0
6,0,70492,60124,26306,8208,100,9.603284,0
1,4,68239,61914,28526,23775,85,9.391018,1
4,4,68777,62924,19761,22319,97,9.092387,1
6,1,70492,64539,27321,15340,112,9.603284,1
11,0,66925,56217,24637,29353,55,8.408439,0
2,0,64146,55484,15381,16237,88,8.671598,0
10,1,68827,60129,33542,31676,76,8.807888,1
4,0,68777,53390,17823,9673,72,9.092387,0
2,0,64146,53068,15482,13078,88,8.671598,0
10,1,68827,59880,34475,24411,87,8.807888,1
6,2,70492,69541,23586,18957,111,9.603284,1
4,0,68777,55520,20490,15721,84,9.092387,0
9,0,68324,56376,25665,27556,76,8.474327,0
10,3,68827,63317,40607,22441,104,8.807888,1
6,3,70492,67870,31460,18650,109,9.603284,1
7,0,64478,60597,10516,9469,118,8.697430,0
4,0,68777,58023,19823,16412,62,9.092387,0
7,0,64478,56821,6702,16235,119,8.697430,0
1,0,68239,64060,26875,21441,53,9.391018,0
8,2,80663,75184,22549,46953,67,10.438681,1
7,0,64478,58807,18328,15913,126,8.697430,1
5,0,69045,60890,9699,5375,111,8.632123,0
11,0,66925,61115,31112,34281,62,8.408439,1
1,0,68239,62120,22396,23076,75,9.391018,0
10,0,68827,60201,28119,17084,79,8.807888,0
4,1,68777,59865,14610,20538,82,9.092387,0
8,0,80663,69362,23126,44365,67,10.438681,0
1,0,68239,67267,35467,20616,79,9.391018,1
8,0,80663,70436,19497,38890,71,10.438681,0
10,0,68827,56135,26781,22083,92,8.807888,1
2,0,64146,53242,8418,12588,106,8.671598,0
8,0,80663,64589,17126,40429,55,10.438681,0
4,0,68777,66410,21451,19704,87,9.092387,0
11,0,66925,66170,34869,39106,78,8.408439,1
2,0,64146,59563,19040,12072,108,8.671598,1
8,1,80663,71510,23502,42567,72,10.438681,0
5,0,69045,61759,3311,4941,124,8.632123,0
3,0,70649,56535,4011,10201,114,10.033037,0
2,1,64146,56684,14742,11568,105,8.671598,0
9,0,68324,56866,28146,23435,90,8.474327,1
2,0,64146,54095,11074,12538,103,8.671598,0
6,0,70492,64101,21006,12391,100,9.603284,0
8,0,80663,69316,19906,39152,69,10.438681,0
11,0,66925,58842,32512,33018,68,8.408439,1
6,0,70492,66357,28606,9621,112,9.603284,1
6,0,70492,64655,24900,22498,119,9.603284,1
6,0,70492,63763,24239,13554,112,9.603284,1
5,0,69045,56549,7853,11906,106,8.632123,0
1,3,68239,61192,32460,19049,66,9.391018,1
5,3,69045,57271,7098,10799,118,8.632123,0
5,0,69045,57834,2892,9421,118,8.632123,0
9,0,68324,62473,28059,29515,77,8.474327,1
10,0,68827,64945,37893,22039,98,8.807888,1
1,0,68239,56202,31752,20142,64,9.391018,0
6,1,70492,63563,29570,16051,106,9.603284,1
1,0,68239,54620,32095,15760,59,9.391018,0
11,2,66925,56292,29420,30655,68,8.408439,1
7,2,64478,61737,15198,10629,138,8.697430,1
9,0,68324,51665,22522,26702,91,8.474327,0
8,0,80663,63456,21677,35803,69,10.438681,0
11,0,66925,61879,32627,34202,71,8.408439,1
8,0,80663,68048,15464,39350,59,10.438681,0
4,0,68777,56944,19421,14886,71,9.092387,0
3,1,70649,67439,10620,13372,121,10.033037,1
9,2,68324,57221,29965,27816,79,8.474327,1
8,0,80663,64201,21909,37019,62,10.438681,0
8,0,80663,66401,20613,40618,73,10.438681,0
9,0,68324,55729,25265,21675,74,8.474327,0
11,0,66925,50220,26021,23072,76,8.408439,0
11,1,66925,58220,33989,27564,64,8.408439,1
4,1,68777,64873,19060,20340,81,9.092387,1
6,1,70492,61991,30133,12907,118,9.603284,1
4,5,68777,64108,29707,23143,101,9.092387,1
2,0,64146,47038,7794,8549,92,8.671598,0
8,0,80663,68594,17255,34240,61,10.438681,0
4,0,68777,57240,18604,17611,85,9.092387,0
6,4,70492,65274,33289,12256,131,9.603284,1
8,0,80663,68369,19890,39888,70,10.438681,0
3,1,70649,60772,6018,9610,133,10.033037,0
7,1,64478,53621,10785,8973,131,8.697430,0
6,1,70492,59053,21328,13119,97,9.603284,0
1,0,68239,59182,28588,28817,84,9.391018,1
6,2,70492,69029,29370,20105,118,9.603284,1
7,0,64478,56581,13615,13459,133,8.697430,1
2,0,64146,54334,13093,8090,98,8.671598,0
9,0,68324,57531,24537,25871,81,8.474327,1
3,0,70649,64606,14246,8953,114,10.033037,0
5,3,69045,59786,6254,12613,115,8.632123,0
8,0,80663,64672,20963,39701,82,10.438681,0
5,0,69045,54729,3340,7863,115,8.632123,0
1,5,68239,68103,40171,31262,74,9.391018,1
10,0,68827,57142,34367,24767,89,8.807888,1
8,0,80663,66427,18860,47854,57,10.438681,0
7,0,64478,54948,11874,9784,128,8.697430,0
8,2,80663,65567,25145,35095,60,10.438681,0
10,1,68827,60233,34792,21163,97,8.807888,1
2,1,64146,57219,10926,14472,100,8.671598,0
8,0,80663,74457,23602,46282,81,10.438681,1
9,0,68324,59752,26839,28971,94,8.474327,1
9,0,68324,58384,30545,27706,86,8.474327,1
7,1,64478,54526,11376,11472,115,8.697430,0
3,2,70649,70508,19226,15134,114,10.033037,1
7,0,64478,54352,15162,12397,122,8.697430,1
3,4,70649,70508,9269,15026,141,10.033037,1
4,2,68777,51849,17204,5712,77,9.092387,0
6,2,70492,68113,34019,14554,118,9.603284,1
1,1,68239,59864,28435,24764,68,9.391018,0
4,0,68777,56594,17256,19360,69,9.092387,0
2,0,64146,49121,10774,10858,113,8.671598,0
1,1,68239,62145,33627,27959,89,9.391018,1
2,0,64146,52648,14482,12555,97,8.671598,0
11,2,66925,60123,32518,33605,78,8.408439,1
7,0,64478,50737,13727,4059,106,8.697430,0
8,0,80663,78337,26818,47657,71,10.438681,1
6,1,70492,69283,23472,17888,110,9.603284,1
8,0,80663,75373,23254,53610,71,10.438681,1
7,2,64478,47796,13886,4135,124,8.697430,0
7,0,64478,59182,15470,4735,128,8.697430,0
3,1,70649,62496,8849,7878,113,10.033037,0
10,2,68827,62377,35863,24259,87,8.807888,1
4,0,68777,63188,20090,21152,91,9.092387,0
7,0,64478,56518,17446,11452,122,8.697430,0
11,0,66925,56118,26305,27273,65,8.408439,0
4,0,68777,62982,22087,14993,68,9.092387,0
1,0,68239,54279,22547,24946,61,9.391018,0
7,4,64478,55389,14261,5641,113,8.697430,0
5,0,69045,59782,4095,5560,118,8.632123,0
6,0,70492,59379,18865,8206,97,9.603284,0
3,0,70649,56511,3237,4521,106,10.033037,0
3,1,70649,68007,9721,19050,119,10.033037,0
8,1,80663,66746,17481,40758,72,10.438681,0
7,3,64478,54399,12554,8579,123,8.697430,0
2,0,64146,57068,13918,18861,111,8.671598,1
6,0,70492,57666,21072,10040,100,9.603284,0
1,1,68239,50798,23717,18028,56,9.391018,0
8,0,80663,73008,25896,39453,75,10.438681,0
5,1,69045,55914,9002,4553,128,8.632123,0
2,0,64146,52858,10273,11217,96,8.671598,0
7,0,64478,56379,14091,11450,116,8.697430,0
3,0,70649,64174,7102,5134,113,10.033037,0
1,1,68239,59199,30316,18664,64,9.391018,0
5,0,69045,58496,2925,6897,115,8.632123,0
1,0,68239,57163,31961,20476,58,9.391018,0
7,0,64478,53149,11263,7294,121,8.697430,0
4,0,68777,56237,17635,21152,75,9.092387,0
7,0,64478,51954,11421,7452,108,8.697430,0
5,0,69045,54173,2709,4334,119,8.632123,0
7,0,64478,49077,11197,5859,107,8.697430,0
10,0,68827,56275,31090,22136,90,8.807888,0
4,2,68777,56131,17183,24129,79,9.092387,0
9,1,68324,58967,24557,32070,87,8.474327,1
1,0,68239,55762,26448,20566,70,9.391018,0
8,0,80663,59379,15698,35651,59,10.438681,0
4,0,68777,49604,13147,10093,86,9.092387,0
8,0,80663,68650,26012,37153,75,10.438681,0
6,0,70492,61198,20994,11766,103,9.603284,0
3,0,70649,54372,9474,4778,108,10.033037,0
1,0,68239,46488,19387,15110,53,9.391018,0
5,1,69045,58949,10839,4716,131,8.632123,0
5,0,69045,56217,5552,10357,109,8.632123,0
9,0,68324,60682,28012,34878,85,8.474327,1
6,1,70492,65103,30963,18880,104,9.603284,1
4,0,68777,60320,20549,19009,70,9.092387,0
3,1,70649,66021,7484,6828,102,10.033037,0
1,1,68239,61552,26559,21408,64,9.391018,0
11,0,66925,54411,28951,30646,62,8.408439,1
1,0,68239,53468,25775,25044,71,9.391018,0
5,2,69045,61492,11247,11019,119,8.632123,0
6,0,70492,63701,21476,12492,101,9.603284,0
5,0,69045,63827,6583,7984,131,8.632123,0
1,0,68239,61391,28015,23905,70,9.391018,0
2,0,64146,54018,11972,13560,103,8.671598,0
1,0,68239,60984,27120,21633,58,9.391018,0
6,4,70492,63557,27002,14691,125,9.603284,1
8,0,80663,60240,19318,29346,61,10.438681,0
9,0,68324,56419,22066,26131,79,8.474327,0
1,1,68239,58540,31074,19886,39,9.391018,0
3,1,70649,65682,8774,8574,120,10.033037,0
4,0,68777,56653,15923,20833,82,9.092387,0
3,0,70649,64302,11884,17759,117,10.033037,1
8,1,80663,68721,24578,48330,73,10.438681,0
10,0,68827,57844,30899,13434,95,8.807888,0
2,0,64146,55489,15678,11728,105,8.671598,0
8,0,80663,75548,22986,36093,78,10.438681,0
8,1,80663,79673,29800,48468,69,10.438681,1
10,0,68827,62877,34982,19711,76,8.807888,0
5,0,69045,60266,7101,4821,109,8.632123,0
8,0,80663,66639,16258,36242,46,10.438681,0
11,0,66925,57100,27478,38506,65,8.408439,1
10,0,68827,54160,23745,24564,91,8.807888,0
10,0,68827,63226,32494,21460,84,8.807888,1
3,0,70649,59810,11946,10432,112,10.033037,0
9,3,68324,62286,26608,32865,76,8.474327,1
2,0,64146,55170,10193,12840,92,8.671598,0
4,0,68777,57861,18072,23229,84,9.092387,0
6,1,70492,67486,26042,5859,112,9.603284,1
5,1,69045,58177,6009,6852,109,8.632123,0
3,1,70649,66365,14123,9911,112,10.033037,0
10,0,68827,68689,39958,27197,101,8.807888,1
9,0,68324,54091,23467,24786,80,8.474327,0
9,1,68324,57744,31098,23144,83,8.474327,1
3,0,70649,54498,6411,8867,104,10.033037,0
1,0,68239,59631,28426,27716,66,9.391018,0
6,3,70492,62497,28539,17055,141,9.603284,1
11,0,66925,59063,37917,30815,72,8.408439,1
7,1,64478,52284,10689,6647,127,8.697430,0
4,0,68777,57491,11519,18010,61,9.092387,0
2,4,64146,64018,20022,20058,116,8.671598,1
11,0,66925,57649,26762,32659,65,8.408439,1
5,2,69045,63466,5743,5077,120,8.632123,0
11,0,66925,55005,27183,29976,62,8.408439,0
6,0,70492,61774,27612,15257,103,9.603284,1
1,0,68239,57250,29770,19418,58,9.391018,0
2,2,64146,56013,13222,8755,100,8.671598,0
1,0,68239,56766,31798,23626,60,9.391018,0
3,0,70649,62621,8196,13478,125,10.033037,0
10,0,68827,53619,28377,21522,75,8.807888,0
10,0,68827,60749,32747,21166,90,8.807888,1
3,1,70649,63658,10006,10753,111,10.033037,0
8,0,80663,73845,25968,42146,70,10.438681,1
10,0,68827,55354,33383,23092,77,8.807888,1
10,2,68827,68267,42038,34302,98,8.807888,1
6,0,70492,45605,14640,10146,94,9.603284,0
8,3,80663,75403,29877,53150,82,10.438681,1
2,0,64146,50957,15209,4796,96,8.671598,0
9,0,68324,51313,21947,23916,70,8.474327,0
1,0,68239,56980,25578,21738,48,9.391018,0
9,0,68324,58326,23853,28726,105,8.474327,1
1,1,68239,66516,30791,29993,71,9.391018,1
1,0,68239,61523,23575,21264,74,9.391018,0
11,0,66925,56284,26611,28925,77,8.408439,1
4,1,68777,52452,15769,14539,82,9.092387,0
4,0,68777,58142,21422,15637,93,9.092387,0
3,0,70649,59270,10992,8219,113,10.033037,0
4,2,68777,62191,16021,17902,90,9.092387,0
6,0,70492,59609,26495,12398,89,9.603284,0
1,0,68239,60394,37406,25136,73,9.391018,1
4,0,68777,50805,16243,17237,97,9.092387,0
3,2,70649,58029,11154,13094,122,10.033037,0
8,0,80663,65577,15049,45137,63,10.438681,0
11,0,66925,58571,32682,29632,77,8.408439,1
7,0,64478,55616,14180,8837,117,8.697430,0
8,0,80663,69977,23398,44277,87,10.438681,1
8,0,80663,66889,20596,49870,74,10.438681,1
4,1,68777,61574,20464,17178,79,9.092387,0
2,0,64146,53243,13331,13313,91,8.671598,0
3,0,70649,60923,10816,13153,115,10.033037,0
1,0,68239,59318,24271,23253,67,9.391018,0
7,0,64478,46337,7153,5541,106,8.697430,0
8,0,80663,60623,15401,43601,51,10.438681,0
10,0,68827,67099,34586,27754,100,8.807888,1
2,1,64146,61942,17956,14575,121,8.671598,1
1,0,68239,55808,29716,18724,56,9.391018,0
6,0,70492,59688,23525,5776,86,9.603284,0
8,0,80663,67761,13302,39487,83,10.438681,0
10,1,68827,59138,28051,21847,99,8.807888,1
10,0,68827,57893,32701,21686,84,8.807888,1
11,0,66925,60872,35573,35896,70,8.408439,1
2,0,64146,59248,13346,19199,104,8.671598,1
9,0,68324,58966,28803,31283,76,8.474327,1
3,0,70649,62365,14892,8947,114,10.033037,0
8,0,80663,63808,18251,37797,69,10.438681,0
5,1,69045,63333,4500,5067,121,8.632123,0
11,0,66925,55974,29021,27438,69,8.408439,0
3,0,70649,63335,8919,5067,121,10.033037,0
8,0,80663,63525,14251,42687,74,10.438681,0
4,0,68777,60649,22074,21710,82,9.092387,0
5,0,69045,51029,4194,8773,113,8.632123,0
6,0,70492,56965,22616,11602,117,9.603284,0
3,0,70649,58512,8735,8733,110,10.033037,0
5,3,69045,68219,10899,11422,116,8.632123,1
9,1,68324,52189,19947,22121,75,8.474327,0
6,0,70492,62218,27898,13299,109,9.603284,0
6,0,70492,66744,29740,11286,113,9.603284,1
6,4,70492,65852,27168,15494,107,9.603284,1
5,0,69045,59098,7212,6947,116,8.632123,0
1,2,68239,59702,28045,20445,74,9.391018,0
6,2,70492,56357,15166,15439,111,9.603284,0
5,0,69045,55478,5982,7117,117,8.632123,0
3,0,70649,65553,9594,5829,126,10.033037,0
8,2,80663,73123,25264,38846,71,10.438681,1
9,3,68324,66723,31850,36972,102,8.474327,1
8,0,80663,56752,19718,32879,73,10.438681,0
4,1,68777,68639,19824,17337,93,9.092387,1
8,2,80663,71194,24134,40812,85,10.438681,1
2,3,64146,61059,14846,14677,115,8.671598,1
9,0,68324,52264,27856,25040,79,8.474327,0
2,0,64146,47277,13970,12798,92,8.671598,0
8,0,80663,73350,22318,40938,76,10.438681,1
6,1,70492,60044,24614,15462,109,9.603284,0
8,3,80663,68283,25804,47394,81,10.438681,1
2,2,64146,64018,20695,20441,110,8.671598,1
10,0,68827,57538,35500,23212,68,8.807888,0
7,0,64478,53357,16656,11646,127,8.697430,0
2,0,64146,60210,12683,11738,119,8.671598,1
3,1,70649,60947,3923,10237,117,10.033037,0
4,0,68777,53439,16173,16583,84,9.092387,0
4,0,68777,56410,21506,16521,79,9.092387,0
1,0,68239,62798,25932,28967,60,9.391018,0
2,0,64146,49218,12449,6864,103,8.671598,0
5,0,69045,60178,4302,11743,131,8.632123,0
9,0,68324,56276,27131,23133,76,8.474327,0
10,1,68827,60027,34789,23126,105,8.807888,1
11,1,66925,46928,22825,24809,67,8.408439,0
10,0,68827,54352,25317,17934,79,8.807888,0
5,4,69045,61987,7469,6868,131,8.632123,0
3,0,70649,55436,6299,5302,122,10.033037,0
1,0,68239,56916,31357,22039,62,9.391018,0
5,1,69045,59458,2973,4757,116,8.632123,0
8,0,80663,64146,17764,41157,63,10.438681,0
6,0,70492,57534,20702,14731,100,9.603284,0
10,5,68827,68689,40487,33019,107,8.807888,1
5,2,69045,64764,10488,12802,130,8.632123,1
1,0,68239,52225,22221,19306,75,9.391018,0
10,0,68827,59327,34598,25586,87,8.807888,1
3,0,70649,62550,16218,12497,109,10.033037,0
6,0,70492,64222,22768,13791,98,9.603284,0
2,0,64146,59483,16629,18959,115,8.671598,1
4,1,68777,62302,26655,20406,94,9.092387,1
7,3,64478,57767,15051,4621,128,8.697430,1
2,0,64146,64018,14998,14228,97,8.671598,1
3,0,70649,59540,2977,14322,104,10.033037,0
10,1,68827,65222,34791,24384,89,8.807888,1
6,0,70492,65157,25851,12604,108,9.603284,0
3,0,70649,66505,8128,8619,113,10.033037,0
10,0,68827,64612,34009,23144,89,8.807888,1
7,0,64478,50532,13165,6511,108,8.697430,0
2,0,64146,55606,14021,12648,93,8.671598,0
11,0,66925,52404,24772,30971,59,8.408439,0
10,3,68827,62836,38944,21381,98,8.807888,1
7,0,64478,47232,4686,4999,111,8.697430,0
9,0,68324,55132,26132,22553,85,8.474327,0
4,0,68777,60878,21595,22212,72,9.092387,0
1,0,68239,48193,19708,19736,53,9.391018,0
2,0,64146,48992,11396,13754,106,8.671598,0
11,0,66925,50061,31742,31452,65,8.408439,1
4,2,68777,60103,21749,22438,94,9.092387,1
11,0,66925,50027,23367,28248,59,8.408439,0
7,0,64478,46886,12690,9817,111,8.697430,0
